Date,Barclays,BNP Paribas,Deutsche Bank
2023-03-19 23:00:00+00:00,,41.82862854003906,8.505110740661621
2023-03-20 00:00:00+00:00,136.22349548339844,,
2023-03-20 23:00:00+00:00,,43.56352996826172,9.019795417785645
2023-03-21 00:00:00+00:00,142.9967041015625,,
2023-03-21 23:00:00+00:00,,43.348655700683594,8.831138610839844
2023-03-22 00:00:00+00:00,142.51719665527344,,
2023-03-22 23:00:00+00:00,,42.4016227722168,8.549986839294434
2023-03-23 00:00:00+00:00,139.6400604248047,,
2023-03-23 23:00:00+00:00,,40.16535186767578,7.821002006530762
2023-03-24 00:00:00+00:00,133.7659454345703,,
2023-03-26 22:00:00+00:00,,41.215843200683594,8.301802635192871
2023-03-26 23:00:00+00:00,136.8628387451172,,
2023-03-27 22:00:00+00:00,,41.359092712402344,8.170841217041016
2023-03-27 23:00:00+00:00,137.04266357421875,,
2023-03-28 22:00:00+00:00,,42.473243713378906,8.373233795166016
2023-03-28 23:00:00+00:00,141.87782287597656,,
2023-03-29 22:00:00+00:00,,43.396400451660156,8.506942749023438
2023-03-29 23:00:00+00:00,144.67503356933594,,
2023-03-30 22:00:00+00:00,,43.937564849853516,8.568302154541016
2023-03-30 23:00:00+00:00,145.654052734375,,
2023-04-02 22:00:00+00:00,,44.4071044921875,8.668126106262207
2023-04-02 23:00:00+00:00,148.111572265625,,
2023-04-03 22:00:00+00:00,,44.83685302734375,8.542658805847168
2023-04-03 23:00:00+00:00,146.3533477783203,,
2023-04-04 22:00:00+00:00,,44.43097686767578,8.517017364501953
2023-04-04 23:00:00+00:00,147.57211303710938,,
2023-04-05 22:00:00+00:00,,45.54513931274414,8.659883499145508
2023-04-05 23:00:00+00:00,151.4682159423828,,
2023-04-10 22:00:00+00:00,,45.29842758178711,8.759705543518066
2023-04-10 23:00:00+00:00,152.3872833251953,,
2023-04-11 22:00:00+00:00,,45.41780090332031,8.788095474243164
2023-04-11 23:00:00+00:00,152.9067840576172,,
2023-04-12 22:00:00+00:00,,45.791839599609375,8.717578887939453
2023-04-12 23:00:00+00:00,152.78689575195312,,
2023-04-13 22:00:00+00:00,,47.264122009277344,9.115955352783203
2023-04-13 23:00:00+00:00,157.72195434570312,,
2023-04-16 22:00:00+00:00,,46.30912780761719,8.91356086730957
2023-04-16 23:00:00+00:00,154.12554931640625,,
2023-04-17 22:00:00+00:00,,47.2800407409668,9.079322814941406
2023-04-17 23:00:00+00:00,154.80487060546875,,
2023-04-18 22:00:00+00:00,,47.431243896484375,9.16357707977295
2023-04-18 23:00:00+00:00,155.2444305419922,,
2023-04-19 22:00:00+00:00,,46.834373474121094,9.078407287597656
2023-04-19 23:00:00+00:00,154.30538940429688,,
2023-04-20 22:00:00+00:00,,46.683170318603516,9.061923027038574
2023-04-20 23:00:00+00:00,153.0866241455078,,
2023-04-23 22:00:00+00:00,,47.06516647338867,9.063754081726074
2023-04-23 23:00:00+00:00,154.04562377929688,,
2023-04-24 22:00:00+00:00,,45.943050384521484,8.716662406921387
2023-04-24 23:00:00+00:00,151.30838012695312,,
2023-04-25 22:00:00+00:00,,45.84754943847656,8.7532958984375
2023-04-25 23:00:00+00:00,153.70596313476562,,
2023-04-26 22:00:00+00:00,,46.74683380126953,8.969426155090332
2023-04-26 23:00:00+00:00,161.87777709960938,,
2023-04-27 22:00:00+00:00,,46.62746047973633,9.105880737304688
2023-04-27 23:00:00+00:00,159.71995544433594,,
2023-05-01 22:00:00+00:00,,45.330265045166016,8.821981430053711
2023-05-01 23:00:00+00:00,154.78489685058594,,
2023-05-02 22:00:00+00:00,,44.797061920166016,8.759705543518066
2023-05-02 23:00:00+00:00,153.10655212402344,,
2023-05-03 22:00:00+00:00,,44.518516540527344,8.46847915649414
2023-05-03 23:00:00+00:00,148.09158325195312,,
2023-05-04 22:00:00+00:00,,46.07038116455078,8.851286888122559
2023-05-04 23:00:00+00:00,153.0866241455078,,
2023-05-07 22:00:00+00:00,,46.38871383666992,8.859528541564941
2023-05-08 22:00:00+00:00,,46.49216842651367,8.856781959533691
2023-05-08 23:00:00+00:00,153.42626953125,,
2023-05-09 22:00:00+00:00,,46.09425354003906,8.897993087768555
2023-05-09 23:00:00+00:00,153.06661987304688,,
2023-05-10 22:00:00+00:00,,45.64063262939453,8.780769348144531
2023-05-10 23:00:00+00:00,153.32635498046875,,
2023-05-11 22:00:00+00:00,,46.54787826538086,8.806412696838379
2023-05-11 23:00:00+00:00,153.74594116210938,,
2023-05-14 22:00:00+00:00,,46.66725158691406,8.903489112854004
2023-05-14 23:00:00+00:00,154.86480712890625,,
2023-05-15 22:00:00+00:00,,46.500125885009766,8.79817008972168
2023-05-15 23:00:00+00:00,154.24542236328125,,
2023-05-16 22:00:00+00:00,,46.65929412841797,8.87509822845459
2023-05-16 23:00:00+00:00,155.8038787841797,,
2023-05-17 22:00:00+00:00,,47.463077545166016,9.226404190063477
2023-05-17 23:00:00+00:00,157.90176391601562,,
2023-05-18 22:00:00+00:00,,47.63020324707031,9.245309829711914
2023-05-18 23:00:00+00:00,159.26040649414062,,
2023-05-21 22:00:00+00:00,,48.7879638671875,9.325662612915039
2023-05-21 23:00:00+00:00,159.9197540283203,,
2023-05-22 22:00:00+00:00,,48.59217071533203,9.41925048828125
2023-05-22 23:00:00+00:00,163.27639770507812,,
2023-05-23 22:00:00+00:00,,47.706817626953125,9.203715324401855
2023-05-23 23:00:00+00:00,158.50115966796875,,
2023-05-24 22:00:00+00:00,,47.82599639892578,9.170629501342773
2023-05-24 23:00:00+00:00,156.82284545898438,,
2023-05-25 22:00:00+00:00,,47.93667221069336,9.20938777923584
2023-05-25 23:00:00+00:00,157.1625213623047,,
2023-05-28 22:00:00+00:00,,47.757896423339844,9.160229682922363
2023-05-29 22:00:00+00:00,,47.06834411621094,9.118636131286621
2023-05-29 23:00:00+00:00,155.64402770996094,,
2023-05-30 22:00:00+00:00,,45.97867965698242,8.957930564880371
2023-05-30 23:00:00+00:00,151.18850708007812,,
2023-05-31 22:00:00+00:00,,46.370277404785156,9.054353713989258
2023-05-31 23:00:00+00:00,152.4672088623047,,
2023-06-01 22:00:00+00:00,,48.081390380859375,9.32282829284668
2023-06-01 23:00:00+00:00,156.6030731201172,,
2023-06-04 22:00:00+00:00,,47.60466003417969,9.165903091430664
2023-06-04 23:00:00+00:00,155.62403869628906,,
2023-06-05 22:00:00+00:00,,48.0728759765625,9.249092102050781
2023-06-05 23:00:00+00:00,158.04164123535156,,
2023-06-06 22:00:00+00:00,,48.31975173950195,9.275561332702637
2023-06-06 23:00:00+00:00,158.0815887451172,,
2023-06-07 22:00:00+00:00,,48.53257369995117,9.323772430419922
2023-06-07 23:00:00+00:00,157.44224548339844,,
2023-06-08 22:00:00+00:00,,47.732357025146484,9.304865837097168
2023-06-08 23:00:00+00:00,156.18350219726562,,
2023-06-11 22:00:00+00:00,,48.03882598876953,9.317154884338379
2023-06-11 23:00:00+00:00,155.08460998535156,,
2023-06-12 22:00:00+00:00,,48.251651763916016,9.32093620300293
2023-06-12 23:00:00+00:00,156.6030731201172,,
2023-06-13 22:00:00+00:00,,48.966739654541016,9.387109756469727
2023-06-13 23:00:00+00:00,157.2823944091797,,
2023-06-14 22:00:00+00:00,,47.91964340209961,9.109182357788086
2023-06-14 23:00:00+00:00,153.6460418701172,,
2023-06-15 22:00:00+00:00,,48.15800476074219,8.989126205444336
2023-06-15 23:00:00+00:00,153.785888671875,,
2023-06-18 22:00:00+00:00,,48.36231994628906,8.890811920166016
2023-06-18 23:00:00+00:00,153.30636596679688,,
2023-06-19 22:00:00+00:00,,48.29420852661133,8.816131591796875
2023-06-19 23:00:00+00:00,154.16552734375,,
2023-06-20 22:00:00+00:00,,48.5581169128418,8.920117378234863
2023-06-20 23:00:00+00:00,151.30838012695312,,
2023-06-21 22:00:00+00:00,,47.43440246582031,8.791552543640137
2023-06-21 23:00:00+00:00,146.81288146972656,,
2023-06-22 22:00:00+00:00,,46.69376754760742,8.663933753967285
2023-06-22 23:00:00+00:00,145.0746307373047,,
2023-06-25 22:00:00+00:00,,47.01726150512695,8.676222801208496
2023-06-25 23:00:00+00:00,144.77493286132812,,
2023-06-26 22:00:00+00:00,,47.3918342590332,8.832202911376953
2023-06-26 23:00:00+00:00,146.1735382080078,,
2023-06-27 22:00:00+00:00,,47.553585052490234,8.867179870605469
2023-06-27 23:00:00+00:00,148.19149780273438,,
2023-06-28 22:00:00+00:00,,48.34529495239258,8.997633934020996
2023-06-28 23:00:00+00:00,151.16851806640625,,
2023-06-29 22:00:00+00:00,,49.137001037597656,9.092166900634766
2023-06-29 23:00:00+00:00,153.22647094726562,,
2023-07-02 22:00:00+00:00,,49.74142074584961,9.198043823242188
2023-07-02 23:00:00+00:00,155.46421813964844,,
2023-07-03 22:00:00+00:00,,49.28172302246094,9.104455947875977
2023-07-03 23:00:00+00:00,152.40728759765625,,
2023-07-04 22:00:00+00:00,,48.813507080078125,8.974946975708008
2023-07-04 23:00:00+00:00,149.88980102539062,,
2023-07-05 22:00:00+00:00,,46.61715316772461,8.585471153259277
2023-07-05 23:00:00+00:00,146.55313110351562,,
2023-07-06 22:00:00+00:00,,46.92361831665039,8.768865585327148
2023-07-06 23:00:00+00:00,148.5711212158203,,
2023-07-09 22:00:00+00:00,,47.11941909790039,8.910663604736328
2023-07-09 23:00:00+00:00,148.5711212158203,,
2023-07-10 22:00:00+00:00,,47.8089714050293,8.95887565612793
2023-07-10 23:00:00+00:00,149.70997619628906,,
2023-07-11 22:00:00+00:00,,48.2686767578125,8.926734924316406
2023-07-11 23:00:00+00:00,154.64505004882812,,
2023-07-12 22:00:00+00:00,,48.53257369995117,9.068533897399902
2023-07-12 23:00:00+00:00,155.5441131591797,,
2023-07-13 22:00:00+00:00,,48.226112365722656,9.084604263305664
2023-07-13 23:00:00+00:00,154.94473266601562,,
2023-07-16 22:00:00+00:00,,48.27718734741211,9.2991943359375
2023-07-16 23:00:00+00:00,155.9037628173828,,
2023-07-17 22:00:00+00:00,,49.043357849121094,9.356858253479004
2023-07-17 23:00:00+00:00,159.22044372558594,,
2023-07-18 22:00:00+00:00,,49.341312408447266,9.504329681396484
2023-07-18 23:00:00+00:00,164.11553955078125,,
2023-07-19 22:00:00+00:00,,49.41792678833008,9.56672191619873
2023-07-19 23:00:00+00:00,164.1954803466797,,
2023-07-20 22:00:00+00:00,,49.38387680053711,9.640458106994629
2023-07-20 23:00:00+00:00,163.09657287597656,,
2023-07-23 22:00:00+00:00,,49.690345764160156,9.712302207946777
2023-07-23 23:00:00+00:00,164.1954803466797,,
2023-07-24 22:00:00+00:00,,49.87763214111328,9.83897590637207
2023-07-24 23:00:00+00:00,163.35630798339844,,
2023-07-25 22:00:00+00:00,,49.47751998901367,9.973213195800781
2023-07-25 23:00:00+00:00,163.895751953125,,
2023-07-26 22:00:00+00:00,,50.95026779174805,9.640458106994629
2023-07-26 23:00:00+00:00,155.2444305419922,,
2023-07-27 22:00:00+00:00,,51.231197357177734,9.559159278869629
2023-07-27 23:00:00+00:00,155.5841064453125,,
2023-07-30 22:00:00+00:00,,51.09498977661133,9.528908729553223
2023-07-30 23:00:00+00:00,154.80487060546875,,
2023-07-31 22:00:00+00:00,,50.14153289794922,9.462735176086426
2023-07-31 23:00:00+00:00,151.26840209960938,,
2023-08-01 22:00:00+00:00,,49.043357849121094,9.245309829711914
2023-08-01 23:00:00+00:00,146.31338500976562,,
2023-08-02 22:00:00+00:00,,49.62224197387695,9.438157081604004
2023-08-02 23:00:00+00:00,149.0106964111328,,
2023-08-03 22:00:00+00:00,,50.473541259765625,9.508111000061035
2023-08-03 23:00:00+00:00,150.589111328125,,
2023-08-06 22:00:00+00:00,,50.69487762451172,9.545924186706543
2023-08-06 23:00:00+00:00,150.6690216064453,,
2023-08-07 22:00:00+00:00,,49.171051025390625,9.179137229919434
2023-08-07 23:00:00+00:00,146.93276977539062,,
2023-08-08 22:00:00+00:00,,49.84357452392578,9.326608657836914
2023-08-08 23:00:00+00:00,148.75091552734375,,
2023-08-09 22:00:00+00:00,,51.333351135253906,9.46462631225586
2023-08-09 23:00:00+00:00,147.87864685058594,,
2023-08-10 22:00:00+00:00,,50.69487762451172,9.39750862121582
2023-08-10 23:00:00+00:00,146.47979736328125,,
2023-08-13 22:00:00+00:00,,50.805545806884766,9.430594444274902
2023-08-13 23:00:00+00:00,145.76039123535156,,
2023-08-14 22:00:00+00:00,,50.03937911987305,9.377656936645508
2023-08-14 23:00:00+00:00,143.42230224609375,,
2023-08-15 22:00:00+00:00,,49.78398513793945,9.327553749084473
2023-08-15 23:00:00+00:00,144.88111877441406,,
2023-08-16 22:00:00+00:00,,49.90316390991211,9.368202209472656
2023-08-16 23:00:00+00:00,145.30076599121094,,
2023-08-17 22:00:00+00:00,,49.562652587890625,9.330389976501465
2023-08-17 23:00:00+00:00,144.1217498779297,,
2023-08-20 22:00:00+00:00,,49.6648063659668,9.261380195617676
2023-08-20 23:00:00+00:00,143.54220581054688,,
2023-08-21 22:00:00+00:00,,49.84357452392578,9.285013198852539
2023-08-21 23:00:00+00:00,142.58299255371094,,
2023-08-22 22:00:00+00:00,,49.80952835083008,9.29541301727295
2023-08-22 23:00:00+00:00,142.92271423339844,,
2023-08-23 22:00:00+00:00,,49.749935150146484,9.38332748413086
2023-08-23 23:00:00+00:00,144.42147827148438,,
2023-08-24 22:00:00+00:00,,49.63926696777344,9.354968070983887
2023-08-24 23:00:00+00:00,143.86195373535156,,
2023-08-27 22:00:00+00:00,,50.652313232421875,9.578065872192383
2023-08-28 22:00:00+00:00,,50.99283218383789,9.708521842956543
2023-08-28 23:00:00+00:00,149.8370361328125,,
2023-08-29 22:00:00+00:00,,50.975807189941406,9.632894515991211
2023-08-29 23:00:00+00:00,148.91778564453125,,
2023-08-30 22:00:00+00:00,,50.831085205078125,9.502440452575684
2023-08-30 23:00:00+00:00,147.2391815185547,,
2023-08-31 22:00:00+00:00,,50.72892761230469,9.532689094543457
2023-08-31 23:00:00+00:00,148.93777465820312,,
2023-09-03 22:00:00+00:00,,50.601234436035156,9.508111000061035
2023-09-03 23:00:00+00:00,150.67636108398438,,
2023-09-04 22:00:00+00:00,,50.55867004394531,9.226404190063477
2023-09-04 23:00:00+00:00,149.51731872558594,,
2023-09-05 22:00:00+00:00,,49.88614273071289,9.047737121582031
2023-09-05 23:00:00+00:00,149.09765625,,
2023-09-06 22:00:00+00:00,,49.86060333251953,9.060026168823242
2023-09-06 23:00:00+00:00,147.85865783691406,,
2023-09-07 22:00:00+00:00,,49.74142074584961,9.124308586120605
2023-09-07 23:00:00+00:00,148.11843872070312,,
2023-09-10 22:00:00+00:00,,50.660823822021484,9.2991943359375
2023-09-10 23:00:00+00:00,149.777099609375,,
2023-09-11 22:00:00+00:00,,50.96729278564453,9.298248291015625
2023-09-11 23:00:00+00:00,153.45408630371094,,
2023-09-12 22:00:00+00:00,,50.984317779541016,9.56294059753418
2023-09-12 23:00:00+00:00,157.111083984375,,
2023-09-13 22:00:00+00:00,,52.18465042114258,9.734991073608398
2023-09-13 23:00:00+00:00,159.94876098632812,,
2023-09-14 22:00:00+00:00,,52.32086181640625,9.689614295959473
2023-09-14 23:00:00+00:00,161.32763671875,,
2023-09-17 22:00:00+00:00,,51.171607971191406,9.504329681396484
2023-09-17 23:00:00+00:00,158.66981506347656,,
2023-09-18 22:00:00+00:00,,52.02290344238281,9.502440452575684
2023-09-18 23:00:00+00:00,159.08946228027344,,
2023-09-19 22:00:00+00:00,,52.840152740478516,9.595081329345703
2023-09-19 23:00:00+00:00,159.44915771484375,,
2023-09-20 22:00:00+00:00,,52.48260498046875,9.540252685546875
2023-09-20 23:00:00+00:00,156.571533203125,,
2023-09-21 22:00:00+00:00,,51.70792770385742,9.559159278869629
2023-09-21 23:00:00+00:00,155.19264221191406,,
2023-09-24 22:00:00+00:00,,51.43550491333008,9.494876861572266
2023-09-24 23:00:00+00:00,153.51402282714844,,
2023-09-25 22:00:00+00:00,,51.27376174926758,9.545924186706543
2023-09-25 23:00:00+00:00,159.549072265625,,
2023-09-26 22:00:00+00:00,,51.171607971191406,9.77658462524414
2023-09-26 23:00:00+00:00,157.99034118652344,,
2023-09-27 22:00:00+00:00,,51.47807312011719,9.814397811889648
2023-09-27 23:00:00+00:00,158.9495849609375,,
2023-09-28 22:00:00+00:00,,51.44402313232422,9.878679275512695
2023-09-28 23:00:00+00:00,158.80967712402344,,
2023-10-01 22:00:00+00:00,,50.814056396484375,9.56294059753418
2023-10-01 23:00:00+00:00,155.6922607421875,,
2023-10-02 22:00:00+00:00,,50.05640411376953,9.388053894042969
2023-10-02 23:00:00+00:00,154.15350341796875,,
2023-10-03 22:00:00+00:00,,49.920196533203125,9.376709938049316
2023-10-03 23:00:00+00:00,153.75384521484375,,
2023-10-04 22:00:00+00:00,,50.39692306518555,9.405071258544922
2023-10-04 23:00:00+00:00,152.39492797851562,,
2023-10-05 22:00:00+00:00,,51.060935974121094,9.521345138549805
2023-10-05 23:00:00+00:00,154.63308715820312,,
2023-10-08 22:00:00+00:00,,50.252197265625,9.394671440124512
2023-10-08 23:00:00+00:00,151.89537048339844,,
2023-10-09 22:00:00+00:00,,50.93324279785156,9.6612548828125
2023-10-09 23:00:00+00:00,156.6514434814453,,
2023-10-10 22:00:00+00:00,,51.28227233886719,9.608316421508789
2023-10-10 23:00:00+00:00,157.05111694335938,,
2023-10-11 22:00:00+00:00,,50.601234436035156,9.557269096374512
2023-10-11 23:00:00+00:00,152.15513610839844,,
2023-10-12 22:00:00+00:00,,49.06889724731445,9.4154691696167
2023-10-12 23:00:00+00:00,152.95449829101562,,
2023-10-15 22:00:00+00:00,,49.23064422607422,9.578065872192383
2023-10-15 23:00:00+00:00,153.1343231201172,,
2023-10-16 22:00:00+00:00,,49.10294723510742,9.521345138549805
2023-10-16 23:00:00+00:00,154.673095703125,,
2023-10-17 22:00:00+00:00,,48.7879638671875,9.27177906036377
2023-10-17 23:00:00+00:00,151.5156707763672,,
2023-10-18 22:00:00+00:00,,48.27718734741211,9.216005325317383
2023-10-18 23:00:00+00:00,147.6788330078125,,
2023-10-19 22:00:00+00:00,,47.298194885253906,9.007086753845215
2023-10-19 23:00:00+00:00,144.74122619628906,,
2023-10-22 22:00:00+00:00,,47.7834358215332,9.088386535644531
2023-10-22 23:00:00+00:00,143.92189025878906,,
2023-10-23 22:00:00+00:00,,47.59614562988281,8.98156452178955
2023-10-23 23:00:00+00:00,134.5296173095703,,
2023-10-24 22:00:00+00:00,,47.82599639892578,9.716083526611328
2023-10-24 23:00:00+00:00,133.1107635498047,,
2023-10-25 22:00:00+00:00,,46.583106994628906,9.812507629394531
2023-10-25 23:00:00+00:00,132.131591796875,,
2023-10-26 22:00:00+00:00,,46.54053497314453,9.837085723876953
2023-10-26 23:00:00+00:00,129.09405517578125,,
2023-10-29 23:00:00+00:00,,45.73180389404297,9.83897590637207
2023-10-30 00:00:00+00:00,130.55287170410156,,
2023-10-30 23:00:00+00:00,,46.217041015625,9.789819717407227
2023-10-31 00:00:00+00:00,131.4921112060547,,
2023-10-31 23:00:00+00:00,,46.31068801879883,9.890023231506348
2023-11-01 00:00:00+00:00,129.2339324951172,,
2023-11-01 23:00:00+00:00,,47.298194885253906,10.03182315826416
2023-11-02 00:00:00+00:00,133.13076782226562,,
2023-11-02 23:00:00+00:00,,48.217594146728516,10.07719898223877
2023-11-03 00:00:00+00:00,136.22821044921875,,
2023-11-05 23:00:00+00:00,,48.36231994628906,10.045058250427246
2023-11-06 00:00:00+00:00,136.18824768066406,,
2023-11-06 23:00:00+00:00,,47.63020324707031,9.948634147644043
2023-11-07 00:00:00+00:00,136.10830688476562,,
2023-11-07 23:00:00+00:00,,47.757896423339844,9.959978103637695
2023-11-08 00:00:00+00:00,135.9084930419922,,
2023-11-08 23:00:00+00:00,,47.74938201904297,9.967540740966797
2023-11-09 00:00:00+00:00,136.86767578125,,
2023-11-09 23:00:00+00:00,,47.34075927734375,9.922165870666504
2023-11-10 00:00:00+00:00,135.46885681152344,,
2023-11-12 23:00:00+00:00,,47.49399185180664,10.026151657104492
2023-11-13 00:00:00+00:00,136.6278839111328,,
2023-11-13 23:00:00+00:00,,47.6812744140625,10.137700080871582
2023-11-14 00:00:00+00:00,138.3464813232422,,
2023-11-14 23:00:00+00:00,,47.98774337768555,10.32298469543457
2023-11-15 00:00:00+00:00,139.7653350830078,,
2023-11-15 23:00:00+00:00,,47.74938201904297,10.29084300994873
2023-11-16 00:00:00+00:00,138.92599487304688,,
2023-11-16 23:00:00+00:00,,48.29420852661133,10.561206817626953
2023-11-17 00:00:00+00:00,142.68292236328125,,
2023-11-19 23:00:00+00:00,,48.35380554199219,10.670865058898926
2023-11-20 00:00:00+00:00,142.42312622070312,,
2023-11-20 23:00:00+00:00,,48.064361572265625,10.57822322845459
2023-11-21 00:00:00+00:00,141.60382080078125,,
2023-11-21 23:00:00+00:00,,48.16652297973633,10.508269309997559
2023-11-22 00:00:00+00:00,139.86521911621094,,
2023-11-22 23:00:00+00:00,,48.438934326171875,10.506378173828125
2023-11-23 00:00:00+00:00,140.12503051757812,,
2023-11-23 23:00:00+00:00,,48.54960250854492,10.495035171508789
2023-11-24 00:00:00+00:00,141.52386474609375,,
2023-11-26 23:00:00+00:00,,48.03030776977539,10.447768211364746
2023-11-27 00:00:00+00:00,140.08505249023438,,
2023-11-27 23:00:00+00:00,,48.081390380859375,10.48369026184082
2023-11-28 00:00:00+00:00,140.00511169433594,,
2023-11-28 23:00:00+00:00,,48.45595932006836,10.655740737915039
2023-11-29 00:00:00+00:00,140.18496704101562,,
2023-11-29 23:00:00+00:00,,49.179561614990234,10.80132007598877
2023-11-30 00:00:00+00:00,140.9243621826172,,
2023-11-30 23:00:00+00:00,,49.205101013183594,10.890181541442871
2023-12-01 00:00:00+00:00,142.2432861328125,,
2023-12-03 23:00:00+00:00,,49.77547836303711,10.89963436126709
2023-12-04 00:00:00+00:00,142.86276245117188,,
2023-12-04 23:00:00+00:00,,50.8736457824707,10.937447547912598
2023-12-05 00:00:00+00:00,139.3456573486328,,
2023-12-05 23:00:00+00:00,,51.63982009887695,11.031980514526367
2023-12-06 00:00:00+00:00,140.12503051757812,,
2023-12-06 23:00:00+00:00,,52.02290344238281,10.933666229248047
2023-12-07 00:00:00+00:00,140.0251007080078,,
2023-12-07 23:00:00+00:00,,52.652862548828125,11.17756175994873
2023-12-08 00:00:00+00:00,143.1625213623047,,
2023-12-10 23:00:00+00:00,,52.082496643066406,11.251296997070312
2023-12-11 00:00:00+00:00,142.38316345214844,,
2023-12-11 23:00:00+00:00,,51.776023864746094,11.277766227722168
2023-12-12 00:00:00+00:00,141.56382751464844,,
2023-12-12 23:00:00+00:00,,51.34186553955078,11.187013626098633
2023-12-13 00:00:00+00:00,140.96432495117188,,
2023-12-13 23:00:00+00:00,,53.52970504760742,11.315579414367676
2023-12-14 00:00:00+00:00,149.8769989013672,,
2023-12-14 23:00:00+00:00,,53.70847702026367,11.438471794128418
2023-12-15 00:00:00+00:00,146.519775390625,,
2023-12-17 23:00:00+00:00,,53.112571716308594,11.332594871520996
2023-12-18 00:00:00+00:00,146.3798828125,,
2023-12-18 23:00:00+00:00,,53.027442932128906,11.383642196655273
2023-12-19 00:00:00+00:00,147.5389404296875,,
2023-12-19 23:00:00+00:00,,53.51268005371094,11.62375545501709
2023-12-20 00:00:00+00:00,151.5156707763672,,
2023-12-20 23:00:00+00:00,,53.52970504760742,11.612412452697754
2023-12-21 00:00:00+00:00,151.29583740234375,,
2023-12-21 23:00:00+00:00,,53.64037322998047,11.703164100646973
2023-12-22 00:00:00+00:00,151.6555633544922,,
2023-12-26 23:00:00+00:00,,53.623348236083984,11.72206974029541
2023-12-27 00:00:00+00:00,153.53402709960938,,
2023-12-27 23:00:00+00:00,,53.16364669799805,11.636991500854492
2023-12-28 00:00:00+00:00,153.3741455078125,,
2023-12-28 23:00:00+00:00,,53.28282928466797,11.68803882598877
2023-12-29 00:00:00+00:00,153.6539306640625,,
2024-01-01 23:00:00+00:00,,53.938323974609375,11.79958724975586
2024-01-02 00:00:00+00:00,155.15269470214844,,
2024-01-02 23:00:00+00:00,,52.499629974365234,11.580270767211914
2024-01-03 00:00:00+00:00,152.99444580078125,,
2024-01-03 23:00:00+00:00,,53.55524444580078,11.835509300231934
2024-01-04 00:00:00+00:00,155.4524383544922,,
2024-01-04 23:00:00+00:00,,53.631858825683594,11.880885124206543
2024-01-05 00:00:00+00:00,155.47242736816406,,
2024-01-07 23:00:00+00:00,,53.75104522705078,12.017012596130371
2024-01-08 00:00:00+00:00,154.6930694580078,,
2024-01-08 23:00:00+00:00,,53.3168830871582,12.005668640136719
2024-01-09 00:00:00+00:00,154.15350341796875,,
2024-01-09 23:00:00+00:00,,53.14662170410156,12.052935600280762
2024-01-10 00:00:00+00:00,152.5148468017578,,
2024-01-10 23:00:00+00:00,,51.75899887084961,11.533003807067871
2024-01-11 00:00:00+00:00,145.4606475830078,,
2024-01-11 23:00:00+00:00,,51.784542083740234,11.391205787658691
2024-01-12 00:00:00+00:00,145.42066955566406,,
2024-01-14 23:00:00+00:00,,52.03141784667969,11.285327911376953
2024-01-15 00:00:00+00:00,144.8611297607422,,
2024-01-15 23:00:00+00:00,,51.716434478759766,11.22671890258789
2024-01-16 00:00:00+00:00,141.2840576171875,,
2024-01-16 23:00:00+00:00,,51.28227233886719,11.181343078613281
2024-01-17 00:00:00+00:00,140.5646514892578,,
2024-01-17 23:00:00+00:00,,51.63982009887695,11.258858680725098
2024-01-18 00:00:00+00:00,140.60462951660156,,
2024-01-18 23:00:00+00:00,,51.597251892089844,11.166217803955078
2024-01-19 00:00:00+00:00,140.9243621826172,,
2024-01-21 23:00:00+00:00,,52.38045120239258,11.287219047546387
2024-01-22 00:00:00+00:00,144.82115173339844,,
2024-01-22 23:00:00+00:00,,52.07398223876953,11.332594871520996
2024-01-23 00:00:00+00:00,146.65965270996094,,
2024-01-23 23:00:00+00:00,,52.77204895019531,11.49897289276123
2024-01-24 00:00:00+00:00,147.2191925048828,,
2024-01-24 23:00:00+00:00,,52.51665496826172,11.419565200805664
2024-01-25 00:00:00+00:00,145.26080322265625,,
2024-01-25 23:00:00+00:00,,53.248775482177734,11.419565200805664
2024-01-26 00:00:00+00:00,149.11764526367188,,
2024-01-28 23:00:00+00:00,,52.814613342285156,11.321250915527344
2024-01-29 00:00:00+00:00,147.4190216064453,,
2024-01-29 23:00:00+00:00,,52.95082092285156,11.438471794128418
2024-01-30 00:00:00+00:00,150.1367950439453,,
2024-01-30 23:00:00+00:00,,53.248775482177734,11.376080513000488
2024-01-31 00:00:00+00:00,148.29832458496094,,
2024-01-31 23:00:00+00:00,,48.34529495239258,11.712616920471191
2024-02-01 00:00:00+00:00,145.92025756835938,,
2024-02-01 23:00:00+00:00,,47.72384262084961,12.124780654907227
2024-02-02 00:00:00+00:00,150.59642028808594,,
2024-02-04 23:00:00+00:00,,47.757896423339844,11.792024612426758
2024-02-05 00:00:00+00:00,145.560546875,,
2024-02-05 23:00:00+00:00,,46.88957214355469,11.616192817687988
2024-02-06 00:00:00+00:00,146.1800537109375,,
2024-02-06 23:00:00+00:00,,46.651206970214844,10.967698097229004
2024-02-07 00:00:00+00:00,144.28158569335938,,
2024-02-07 23:00:00+00:00,,46.42987060546875,10.979043006896973
2024-02-08 00:00:00+00:00,143.04263305664062,,
2024-02-08 23:00:00+00:00,,45.49343490600586,10.965807914733887
2024-02-09 00:00:00+00:00,142.16334533691406,,
2024-02-11 23:00:00+00:00,,46.11488342285156,11.224827766418457
2024-02-12 00:00:00+00:00,142.7628631591797,,
2024-02-12 23:00:00+00:00,,45.82544708251953,11.22671890258789
2024-02-13 00:00:00+00:00,140.3648223876953,,
2024-02-13 23:00:00+00:00,,45.902061462402344,11.277766227722168
2024-02-14 00:00:00+00:00,141.90354919433594,,
2024-02-14 23:00:00+00:00,,45.97867965698242,11.3552827835083
2024-02-15 00:00:00+00:00,143.30239868164062,,
2024-02-15 23:00:00+00:00,,46.293663024902344,11.326923370361328
2024-02-16 00:00:00+00:00,146.59971618652344,,
2024-02-18 23:00:00+00:00,,46.62566375732422,11.340157508850098
2024-02-19 00:00:00+00:00,148.87783813476562,,
2024-02-19 23:00:00+00:00,,47.24711227416992,11.300454139709473
2024-02-20 00:00:00+00:00,161.66734313964844,,
2024-02-20 23:00:00+00:00,,47.5876350402832,11.33826732635498
2024-02-21 00:00:00+00:00,162.62655639648438,,
2024-02-21 23:00:00+00:00,,47.86005401611328,11.582161903381348
2024-02-22 00:00:00+00:00,163.54579162597656,,
2024-02-22 23:00:00+00:00,,48.0047721862793,11.712616920471191
2024-02-23 00:00:00+00:00,163.6057586669922,,
2024-02-25 23:00:00+00:00,,47.11090850830078,11.629427909851074
2024-02-26 00:00:00+00:00,165.70404052734375,,
2024-02-26 23:00:00+00:00,,47.33224105834961,11.706945419311523
2024-02-27 00:00:00+00:00,166.7231903076172,,
2024-02-27 23:00:00+00:00,,47.204551696777344,11.71828842163086
2024-02-28 00:00:00+00:00,168.7615203857422,,
2024-02-28 23:00:00+00:00,,47.144962310791016,11.686147689819336
2024-02-29 00:00:00+00:00,164.3767547607422,,
2024-02-29 23:00:00+00:00,,47.80046081542969,11.87899398803711
2024-03-01 00:00:00+00:00,169.43417358398438,,
2024-03-03 23:00:00+00:00,,48.7539176940918,11.907354354858398
2024-03-04 00:00:00+00:00,170.0538787841797,,
2024-03-04 23:00:00+00:00,,48.72837829589844,11.941386222839355
2024-03-05 00:00:00+00:00,169.3742218017578,,
2024-03-05 23:00:00+00:00,,48.7539176940918,11.875213623046875
2024-03-06 00:00:00+00:00,170.83346557617188,,
2024-03-06 23:00:00+00:00,,49.70737075805664,12.017012596130371
2024-03-07 00:00:00+00:00,172.97239685058594,,
2024-03-07 23:00:00+00:00,,50.16707229614258,12.103982925415039
2024-03-08 00:00:00+00:00,172.15280151367188,,
2024-03-10 23:00:00+00:00,,50.269229888916016,12.298720359802246
2024-03-11 00:00:00+00:00,173.71202087402344,,
2024-03-11 23:00:00+00:00,,50.831085205078125,12.871588706970215
2024-03-12 00:00:00+00:00,177.49009704589844,,
2024-03-12 23:00:00+00:00,,51.88669967651367,12.841339111328125
2024-03-13 00:00:00+00:00,176.97036743164062,,
2024-03-13 23:00:00+00:00,,51.29078674316406,12.799744606018066
2024-03-14 00:00:00+00:00,174.31170654296875,,
2024-03-14 23:00:00+00:00,,52.1080322265625,12.882933616638184
2024-03-15 00:00:00+00:00,176.8304443359375,,
2024-03-17 23:00:00+00:00,,52.23573303222656,12.767602920532227
2024-03-18 00:00:00+00:00,176.43064880371094,,
2024-03-18 23:00:00+00:00,,52.78056335449219,12.985028266906738
2024-03-19 00:00:00+00:00,174.9713897705078,,
2024-03-19 23:00:00+00:00,,52.72097396850586,12.892386436462402
2024-03-20 00:00:00+00:00,175.6510467529297,,
2024-03-20 23:00:00+00:00,,53.32538986206055,13.223251342773438
2024-03-21 00:00:00+00:00,181.74794006347656,,
2024-03-21 23:00:00+00:00,,53.46160125732422,13.402864456176758
2024-03-22 00:00:00+00:00,180.70846557617188,,
2024-03-24 23:00:00+00:00,,53.19770050048828,13.372612953186035
2024-03-25 00:00:00+00:00,181.38812255859375,,
2024-03-25 23:00:00+00:00,,54.7470588684082,13.452019691467285
2024-03-26 00:00:00+00:00,180.68849182128906,,
2024-03-26 23:00:00+00:00,,55.05352783203125,13.813136100769043
2024-03-27 00:00:00+00:00,181.4281005859375,,
2024-03-27 23:00:00+00:00,,56.06657791137695,13.784775733947754
2024-03-28 00:00:00+00:00,183.1072540283203,,
2024-04-01 22:00:00+00:00,,55.6920051574707,13.771541595458984
2024-04-01 23:00:00+00:00,184.0267791748047,,
2024-04-02 22:00:00+00:00,,56.63694381713867,14.058920860290527
2024-04-02 23:00:00+00:00,188.4445343017578,,
2024-04-03 22:00:00+00:00,,57.17326736450195,14.153454780578613
2024-04-03 23:00:00+00:00,193.0622100830078,,
2024-04-04 22:00:00+00:00,,56.65398025512695,13.954936027526855
2024-04-04 23:00:00+00:00,189.64395141601562,,
2024-04-07 22:00:00+00:00,,57.028541564941406,14.079718589782715
2024-04-07 23:00:00+00:00,193.08218383789062,,
2024-04-08 22:00:00+00:00,,56.7305908203125,13.805574417114258
2024-04-08 23:00:00+00:00,188.80435180664062,,
2024-04-09 22:00:00+00:00,,56.80720901489258,14.13832950592041
2024-04-09 23:00:00+00:00,189.38406372070312,,
2024-04-10 22:00:00+00:00,,55.76862716674805,13.788558006286621
2024-04-10 23:00:00+00:00,183.54702758789062,,
2024-04-11 22:00:00+00:00,,55.640926361083984,13.979514122009277
2024-04-11 23:00:00+00:00,182.76744079589844,,
2024-04-14 22:00:00+00:00,,55.98995590209961,13.905777931213379
2024-04-14 23:00:00+00:00,183.04727172851562,,
2024-04-15 22:00:00+00:00,,54.33843994140625,13.648649215698242
2024-04-15 23:00:00+00:00,178.3896484375,,
2024-04-16 22:00:00+00:00,,54.61085510253906,13.711040496826172
2024-04-16 23:00:00+00:00,179.8489227294922,,
2024-04-17 22:00:00+00:00,,55.72605514526367,13.99085807800293
2024-04-17 23:00:00+00:00,183.88685607910156,,
2024-04-18 22:00:00+00:00,,55.70051956176758,14.136439323425293
2024-04-18 23:00:00+00:00,185.74591064453125,,
2024-04-21 22:00:00+00:00,,56.71356964111328,14.3311767578125
2024-04-21 23:00:00+00:00,189.084228515625,,
2024-04-22 22:00:00+00:00,,57.93092727661133,14.55427360534668
2024-04-22 23:00:00+00:00,192.14266967773438,,
2024-04-23 22:00:00+00:00,,57.65850830078125,14.558053970336914
2024-04-23 23:00:00+00:00,191.04322814941406,,
2024-04-24 22:00:00+00:00,,58.19482421875,15.74916934967041
2024-04-24 23:00:00+00:00,203.896728515625,,
2024-04-25 22:00:00+00:00,,57.04557418823242,15.628166198730469
2024-04-25 23:00:00+00:00,204.24656677246094,,
2024-04-28 22:00:00+00:00,,57.649993896484375,14.278237342834473
2024-04-28 23:00:00+00:00,203.54690551757812,,
2024-04-29 22:00:00+00:00,,57.55635452270508,14.189376831054688
2024-04-29 23:00:00+00:00,202.59738159179688,,
2024-04-30 23:00:00+00:00,203.34698486328125,,
2024-05-01 22:00:00+00:00,,57.42013931274414,14.217737197875977
2024-05-01 23:00:00+00:00,200.8982391357422,,
2024-05-02 22:00:00+00:00,,57.58189010620117,14.423818588256836
2024-05-02 23:00:00+00:00,202.24757385253906,,
2024-05-05 22:00:00+00:00,,58.08415985107422,14.752792358398438
2024-05-06 22:00:00+00:00,,59.25043869018555,15.166847229003906
2024-05-06 23:00:00+00:00,210.24351501464844,,
2024-05-07 22:00:00+00:00,,59.53988265991211,15.125251770019531
2024-05-07 23:00:00+00:00,211.54286193847656,,
2024-05-08 22:00:00+00:00,,60.11024856567383,15.030718803405762
2024-05-08 23:00:00+00:00,213.14202880859375,,
2024-05-09 22:00:00+00:00,,60.612510681152344,15.00992202758789
2024-05-09 23:00:00+00:00,213.84169006347656,,
2024-05-12 22:00:00+00:00,,60.978572845458984,14.938076972961426
2024-05-12 23:00:00+00:00,214.44139099121094,,
2024-05-13 22:00:00+00:00,,60.88492965698242,15.15361213684082
2024-05-13 23:00:00+00:00,217.0900421142578,,
2024-05-14 22:00:00+00:00,,61.08073043823242,15.178190231323242
2024-05-14 23:00:00+00:00,212.99212646484375,,
2024-05-15 22:00:00+00:00,,60.961551666259766,14.989124298095703
2024-05-15 23:00:00+00:00,214.79119873046875,,
2024-05-16 22:00:00+00:00,,61.55745315551758,15.212900161743164
2024-05-16 23:00:00+00:00,216.6402587890625,,
2024-05-19 22:00:00+00:00,,62.05972671508789,15.261547088623047
2024-05-19 23:00:00+00:00,216.6402587890625,,
2024-05-20 22:00:00+00:00,,62.096065521240234,15.131173133850098
2024-05-20 23:00:00+00:00,217.4398651123047,,
2024-05-21 22:00:00+00:00,,61.350990295410156,15.082526206970215
2024-05-21 23:00:00+00:00,211.34295654296875,,
2024-05-22 22:00:00+00:00,,60.96027755737305,15.125335693359375
2024-05-22 23:00:00+00:00,214.8911590576172,,
2024-05-23 22:00:00+00:00,,61.069313049316406,15.298519134521484
2024-05-23 23:00:00+00:00,216.0405731201172,,
2024-05-26 22:00:00+00:00,,60.933021545410156,15.284897804260254
2024-05-27 22:00:00+00:00,,61.5963249206543,15.24208927154541
2024-05-27 23:00:00+00:00,218.9890899658203,,
2024-05-28 22:00:00+00:00,,60.81489562988281,14.921018600463867
2024-05-28 23:00:00+00:00,214.0415802001953,,
2024-05-29 22:00:00+00:00,,61.5963249206543,15.01247501373291
2024-05-29 23:00:00+00:00,218.43936157226562,,
2024-05-30 22:00:00+00:00,,61.5145378112793,14.813994407653809
2024-05-30 23:00:00+00:00,219.88861083984375,,
2024-06-02 22:00:00+00:00,,61.84164810180664,14.946314811706543
2024-06-02 23:00:00+00:00,219.0890350341797,,
2024-06-03 22:00:00+00:00,,60.72403335571289,14.619406700134277
2024-06-03 23:00:00+00:00,214.8911590576172,,
2024-06-04 22:00:00+00:00,,60.178855895996094,14.603839874267578
2024-06-04 23:00:00+00:00,212.54234313964844,,
2024-06-05 22:00:00+00:00,,60.74220657348633,14.850966453552246
2024-06-05 23:00:00+00:00,216.0405731201172,,
2024-06-06 22:00:00+00:00,,60.30606460571289,14.882100105285645
2024-06-06 23:00:00+00:00,217.1400146484375,,
2024-06-09 22:00:00+00:00,,57.434776306152344,14.866533279418945
2024-06-09 23:00:00+00:00,214.6412811279297,,
2024-06-10 22:00:00+00:00,,55.19953918457031,14.3956298828125
2024-06-10 23:00:00+00:00,208.9441680908203,,
2024-06-11 22:00:00+00:00,,56.171775817871094,14.555192947387695
2024-06-11 23:00:00+00:00,208.59434509277344,,
2024-06-12 22:00:00+00:00,,54.51805877685547,14.132936477661133
2024-06-12 23:00:00+00:00,205.04615783691406,,
2024-06-13 22:00:00+00:00,,53.07332992553711,14.023966789245605
2024-06-13 23:00:00+00:00,201.89773559570312,,
2024-06-16 22:00:00+00:00,,53.73663330078125,14.249689102172852
2024-06-16 23:00:00+00:00,204.79624938964844,,
2024-06-17 22:00:00+00:00,,54.02739715576172,14.26720142364502
2024-06-17 23:00:00+00:00,205.8957061767578,,
2024-06-18 22:00:00+00:00,,53.34592056274414,14.311957359313965
2024-06-18 23:00:00+00:00,206.59535217285156,,
2024-06-19 22:00:00+00:00,,54.618011474609375,14.343091011047363
2024-06-19 23:00:00+00:00,207.94468688964844,,
2024-06-20 22:00:00+00:00,,53.90927505493164,14.06872272491455
2024-06-20 23:00:00+00:00,204.74630737304688,,
2024-06-23 22:00:00+00:00,,55.672027587890625,14.440385818481445
2024-06-23 23:00:00+00:00,207.44493103027344,,
2024-06-24 22:00:00+00:00,,55.02689743041992,14.27109432220459
2024-06-24 23:00:00+00:00,206.04563903808594,,
2024-06-25 22:00:00+00:00,,54.74522018432617,14.27109432220459
2024-06-25 23:00:00+00:00,205.74578857421875,,
2024-06-26 22:00:00+00:00,,54.536231994628906,14.383955001831055
2024-06-26 23:00:00+00:00,209.64381408691406,,
2024-06-27 22:00:00+00:00,,54.09100341796875,14.504599571228027
2024-06-27 23:00:00+00:00,208.7942352294922,,
2024-06-30 22:00:00+00:00,,56.03547668457031,14.989124298095703
2024-06-30 23:00:00+00:00,213.0920867919922,,
2024-07-01 22:00:00+00:00,,55.63568115234375,14.808157920837402
2024-07-01 23:00:00+00:00,210.643310546875,,
2024-07-02 22:00:00+00:00,,56.99863052368164,15.317978858947754
2024-07-02 23:00:00+00:00,218.03955078125,,
2024-07-03 22:00:00+00:00,,58.07990646362305,15.440568923950195
2024-07-03 23:00:00+00:00,224.23643493652344,,
2024-07-04 22:00:00+00:00,,57.84366226196289,15.240142822265625
2024-07-04 23:00:00+00:00,220.4383544921875,,
2024-07-07 22:00:00+00:00,,56.825992584228516,15.053338050842285
2024-07-07 23:00:00+00:00,221.93759155273438,,
2024-07-08 22:00:00+00:00,,55.490299224853516,14.981340408325195
2024-07-08 23:00:00+00:00,216.6402587890625,,
2024-07-09 22:00:00+00:00,,55.990047454833984,15.01247501373291
2024-07-09 23:00:00+00:00,219.43885803222656,,
2024-07-10 22:00:00+00:00,,56.35350036621094,14.901559829711914
2024-07-10 23:00:00+00:00,222.48731994628906,,
2024-07-11 22:00:00+00:00,,56.735130310058594,14.889883995056152
2024-07-11 23:00:00+00:00,222.33738708496094,,
2024-07-14 22:00:00+00:00,,57.007720947265625,14.84123706817627
2024-07-14 23:00:00+00:00,225.63571166992188,,
2024-07-15 22:00:00+00:00,,56.853248596191406,14.701133728027344
2024-07-15 23:00:00+00:00,227.2349090576172,,
2024-07-16 22:00:00+00:00,,57.27122116088867,14.81204891204834
2024-07-16 23:00:00+00:00,230.5832061767578,,
2024-07-17 22:00:00+00:00,,57.83457946777344,14.880154609680176
2024-07-17 23:00:00+00:00,228.4842987060547,,
2024-07-18 22:00:00+00:00,,57.28939437866211,14.603839874267578
2024-07-18 23:00:00+00:00,228.5342254638672,,
2024-07-21 22:00:00+00:00,,58.63417434692383,15.051392555236816
2024-07-21 23:00:00+00:00,230.73313903808594,,
2024-07-22 22:00:00+00:00,,58.77956008911133,15.25765609741211
2024-07-22 23:00:00+00:00,230.38330078125,,
2024-07-23 22:00:00+00:00,,58.22528839111328,13.988941192626953
2024-07-23 23:00:00+00:00,228.28436279296875,,
2024-07-24 22:00:00+00:00,,58.66143035888672,14.031750679016113
2024-07-24 23:00:00+00:00,227.7846221923828,,
2024-07-25 22:00:00+00:00,,58.5705680847168,14.02785873413086
2024-07-25 23:00:00+00:00,231.28285217285156,,
2024-07-28 22:00:00+00:00,,58.07081985473633,13.932510375976562
2024-07-28 23:00:00+00:00,232.63217163085938,,
2024-07-29 22:00:00+00:00,,58.37066650390625,14.218555450439453
2024-07-29 23:00:00+00:00,233.93150329589844,,
2024-07-30 22:00:00+00:00,,57.66193771362305,14.045372009277344
2024-07-30 23:00:00+00:00,233.681640625,,
2024-07-31 22:00:00+00:00,,55.84466552734375,13.61533260345459
2024-07-31 23:00:00+00:00,222.78713989257812,,
2024-08-01 22:00:00+00:00,,54.20912170410156,12.817520141601562
2024-08-01 23:00:00+00:00,208.99415588378906,,
2024-08-04 22:00:00+00:00,,53.2459716796875,12.488667488098145
2024-08-04 23:00:00+00:00,206.09561157226562,,
2024-08-05 22:00:00+00:00,,52.54632568359375,12.490612983703613
2024-08-05 23:00:00+00:00,208.09458923339844,,
2024-08-06 22:00:00+00:00,,54.02739715576172,12.685200691223145
2024-08-06 23:00:00+00:00,214.6412811279297,,
2024-08-07 22:00:00+00:00,,53.991050720214844,12.735794067382812
2024-08-07 23:00:00+00:00,213.89166259765625,,
2024-08-08 22:00:00+00:00,,53.836585998535156,12.932327270507812
2024-08-08 23:00:00+00:00,218.13951110839844,,
2024-08-11 22:00:00+00:00,,53.836585998535156,12.947894096374512
2024-08-11 23:00:00+00:00,219.9885711669922,,
2024-08-12 22:00:00+00:00,,53.854759216308594,12.94011116027832
2024-08-12 23:00:00+00:00,219.13900756835938,,
2024-08-13 22:00:00+00:00,,54.29090118408203,13.017946243286133
2024-08-13 23:00:00+00:00,221.48782348632812,,
2024-08-14 22:00:00+00:00,,54.94511795043945,13.436311721801758
2024-08-14 23:00:00+00:00,227.6645050048828,,
2024-08-15 22:00:00+00:00,,55.53573226928711,13.660087585449219
2024-08-15 23:00:00+00:00,228.21429443359375,,
2024-08-18 22:00:00+00:00,,55.75380325317383,13.765164375305176
2024-08-18 23:00:00+00:00,228.9140167236328,,
2024-08-19 22:00:00+00:00,,55.34492111206055,13.541388511657715
2024-08-19 23:00:00+00:00,225.9151611328125,,
2024-08-20 22:00:00+00:00,,55.590248107910156,13.628952980041504
2024-08-20 23:00:00+00:00,224.76560974121094,,
2024-08-21 22:00:00+00:00,,55.4993896484375,14.177691459655762
2024-08-21 23:00:00+00:00,225.31536865234375,,
2024-08-22 22:00:00+00:00,,55.80832290649414,14.302227973937988
2024-08-22 23:00:00+00:00,230.3634796142578,,
2024-08-25 22:00:00+00:00,,55.8355827331543,14.210771560668945
2024-08-26 22:00:00+00:00,,56.32624435424805,14.30028247833252
2024-08-26 23:00:00+00:00,230.1135711669922,,
2024-08-27 22:00:00+00:00,,56.22629165649414,14.282769203186035
2024-08-27 23:00:00+00:00,223.81594848632812,,
2024-08-28 22:00:00+00:00,,56.435279846191406,14.269148826599121
2024-08-28 23:00:00+00:00,225.96514892578125,,
2024-08-29 22:00:00+00:00,,56.86233901977539,14.348929405212402
2024-08-29 23:00:00+00:00,228.3142547607422,,
2024-09-01 22:00:00+00:00,,56.726043701171875,14.354766845703125
2024-09-01 23:00:00+00:00,227.06471252441406,,
2024-09-02 22:00:00+00:00,,56.0445671081543,14.123207092285156
2024-09-02 23:00:00+00:00,222.9662628173828,,
2024-09-03 22:00:00+00:00,,56.262638092041016,14.088180541992188
2024-09-03 23:00:00+00:00,223.6160125732422,,
2024-09-04 22:00:00+00:00,,57.7982292175293,14.543517112731934
2024-09-04 23:00:00+00:00,228.46421813964844,,
2024-09-05 22:00:00+00:00,,56.49888229370117,14.27109432220459
2024-09-05 23:00:00+00:00,220.76708984375,,
2024-09-08 22:00:00+00:00,,56.853248596191406,14.623298645019531
2024-09-08 23:00:00+00:00,223.91590881347656,,
2024-09-09 22:00:00+00:00,,56.49888229370117,13.905267715454102
2024-09-09 23:00:00+00:00,216.61865234375,,
2024-09-10 22:00:00+00:00,,56.88959884643555,13.654250144958496
2024-09-10 23:00:00+00:00,215.06922912597656,,
2024-09-11 22:00:00+00:00,,57.671024322509766,13.893592834472656
2024-09-11 23:00:00+00:00,218.5179443359375,,
2024-09-12 22:00:00+00:00,,57.58015823364258,14.232176780700684
2024-09-12 23:00:00+00:00,221.06698608398438,,
2024-09-15 22:00:00+00:00,,57.507469177246094,14.202987670898438
2024-09-15 23:00:00+00:00,220.91705322265625,,
2024-09-16 22:00:00+00:00,,58.56147766113281,14.594110488891602
2024-09-16 23:00:00+00:00,224.91554260253906,,
2024-09-17 22:00:00+00:00,,58.28889465332031,14.533787727355957
2024-09-17 23:00:00+00:00,223.4160919189453,,
2024-09-18 22:00:00+00:00,,59.215702056884766,14.810103416442871
2024-09-18 23:00:00+00:00,227.56454467773438,,
2024-09-19 22:00:00+00:00,,58.861331939697266,14.757564544677734
2024-09-19 23:00:00+00:00,226.66488647460938,,
2024-09-22 22:00:00+00:00,,56.70786666870117,14.78286075592041
2024-09-22 23:00:00+00:00,223.1162109375,,
2024-09-23 22:00:00+00:00,,57.08041000366211,14.849020957946777
2024-09-23 23:00:00+00:00,226.31500244140625,,
2024-09-24 22:00:00+00:00,,56.617008209228516,14.806211471557617
2024-09-24 23:00:00+00:00,223.1162109375,,
2024-09-25 22:00:00+00:00,,57.4620361328125,15.072796821594238
2024-09-25 23:00:00+00:00,226.9647674560547,,
2024-09-26 22:00:00+00:00,,57.51655578613281,15.133119583129883
2024-09-26 23:00:00+00:00,229.16392517089844,,
2024-09-29 22:00:00+00:00,,55.92644119262695,15.078635215759277
2024-09-29 23:00:00+00:00,224.4656982421875,,
2024-09-30 22:00:00+00:00,,55.55390167236328,14.930747032165527
2024-09-30 23:00:00+00:00,219.61753845214844,,
2024-10-01 22:00:00+00:00,,55.390350341796875,14.991069793701172
2024-10-01 23:00:00+00:00,220.11734008789062,,
2024-10-02 22:00:00+00:00,,54.59983825683594,14.944368362426758
2024-10-02 23:00:00+00:00,219.2676544189453,,
2024-10-03 22:00:00+00:00,,55.29948425292969,15.349112510681152
2024-10-03 23:00:00+00:00,226.16505432128906,,
2024-10-06 22:00:00+00:00,,56.162689208984375,15.533970832824707
2024-10-06 23:00:00+00:00,229.56378173828125,,
2024-10-07 22:00:00+00:00,,56.24446487426758,15.384138107299805
2024-10-07 23:00:00+00:00,228.36422729492188,,
2024-10-08 22:00:00+00:00,,56.42619323730469,15.570942878723145
2024-10-08 23:00:00+00:00,230.56341552734375,,
2024-10-09 22:00:00+00:00,,56.262638092041016,15.660453796386719
2024-10-09 23:00:00+00:00,231.06321716308594,,
2024-10-10 22:00:00+00:00,,56.480712890625,15.818069458007812
2024-10-10 23:00:00+00:00,235.761474609375,,
2024-10-13 22:00:00+00:00,,57.171268463134766,15.893959045410156
2024-10-13 23:00:00+00:00,232.81256103515625,,
2024-10-14 22:00:00+00:00,,57.88909149169922,15.485323905944824
2024-10-14 23:00:00+00:00,233.96212768554688,,
2024-10-15 22:00:00+00:00,,58.5887451171875,15.646832466125488
2024-10-15 23:00:00+00:00,236.9610137939453,,
2024-10-16 22:00:00+00:00,,59.615501403808594,15.716882705688477
2024-10-16 23:00:00+00:00,245.00799560546875,,
2024-10-17 22:00:00+00:00,,60.21519470214844,15.76942253112793
2024-10-17 23:00:00+00:00,242.1590576171875,,
2024-10-20 22:00:00+00:00,,59.788143157958984,15.679911613464355
2024-10-20 23:00:00+00:00,239.66000366210938,,
2024-10-21 22:00:00+00:00,,59.69727325439453,15.872553825378418
2024-10-21 23:00:00+00:00,242.10906982421875,,
2024-10-22 22:00:00+00:00,,59.27022171020508,15.738288879394531
2024-10-22 23:00:00+00:00,238.0605926513672,,
2024-10-23 22:00:00+00:00,,59.361080169677734,15.360787391662598
2024-10-23 23:00:00+00:00,247.95689392089844,,
2024-10-24 22:00:00+00:00,,59.361080169677734,15.25181770324707
2024-10-24 23:00:00+00:00,241.30938720703125,,
2024-10-27 23:00:00+00:00,,59.988037109375,15.421110153198242
2024-10-28 00:00:00+00:00,241.709228515625,,
2024-10-28 23:00:00+00:00,,59.91535186767578,15.300464630126953
2024-10-29 00:00:00+00:00,238.71035766601562,,
2024-10-29 23:00:00+00:00,,59.51554870605469,15.080580711364746
2024-10-30 00:00:00+00:00,242.0091094970703,,
2024-10-30 23:00:00+00:00,,57.01680374145508,15.201225280761719
2024-10-31 00:00:00+00:00,237.4108428955078,,
2024-10-31 23:00:00+00:00,,57.280311584472656,15.388030052185059
2024-11-01 00:00:00+00:00,240.5096893310547,,
2024-11-03 23:00:00+00:00,,57.12583923339844,15.33938217163086
2024-11-04 00:00:00+00:00,243.40858459472656,,
2024-11-04 23:00:00+00:00,,57.007720947265625,15.485323905944824
2024-11-05 00:00:00+00:00,244.8080596923828,,
2024-11-05 23:00:00+00:00,,55.490299224853516,15.728559494018555
2024-11-06 00:00:00+00:00,258.0531005859375,,
2024-11-06 23:00:00+00:00,,53.65485763549805,15.55342960357666
2024-11-07 00:00:00+00:00,253.7547149658203,,
2024-11-07 23:00:00+00:00,,54.29998779296875,15.101985931396484
2024-11-08 00:00:00+00:00,251.40557861328125,,
2024-11-10 23:00:00+00:00,,55.37217712402344,15.701316833496094
2024-11-11 00:00:00+00:00,260.5521240234375,,
2024-11-11 23:00:00+00:00,,53.954708099365234,15.38608455657959
2024-11-12 00:00:00+00:00,257.4033203125,,
2024-11-12 23:00:00+00:00,,53.71846008300781,15.158415794372559
2024-11-13 00:00:00+00:00,258.7528381347656,,
2024-11-13 23:00:00+00:00,,54.03648376464844,15.477540016174316
2024-11-14 00:00:00+00:00,256.503662109375,,
2024-11-14 23:00:00+00:00,,54.618011474609375,15.62542724609375
2024-11-15 00:00:00+00:00,259.25262451171875,,
2024-11-17 23:00:00+00:00,,54.89968490600586,15.746071815490723
2024-11-18 00:00:00+00:00,260.7520446777344,,
2024-11-18 23:00:00+00:00,,53.8911018371582,15.465865135192871
2024-11-19 00:00:00+00:00,255.75396728515625,,
2024-11-19 23:00:00+00:00,,53.146026611328125,15.46781063079834
2024-11-20 00:00:00+00:00,258.8528137207031,,
2024-11-20 23:00:00+00:00,,52.900691986083984,15.576780319213867
2024-11-21 00:00:00+00:00,262.5514221191406,,
2024-11-21 23:00:00+00:00,,51.71946334838867,15.131173133850098
2024-11-22 00:00:00+00:00,257.10345458984375,,
2024-11-24 23:00:00+00:00,,51.77398681640625,15.282952308654785
2024-11-25 00:00:00+00:00,263.551025390625,,
2024-11-25 23:00:00+00:00,,51.15611267089844,15.131173133850098
2024-11-26 00:00:00+00:00,260.85205078125,,
2024-11-26 23:00:00+00:00,,50.54732894897461,15.035825729370117
2024-11-27 00:00:00+00:00,258.8528137207031,,
2024-11-27 23:00:00+00:00,,51.0107307434082,15.035825729370117
2024-11-28 00:00:00+00:00,265.00048828125,,
2024-11-28 23:00:00+00:00,,51.465049743652344,15.639047622680664
2024-11-29 00:00:00+00:00,263.700927734375,,
2024-12-01 23:00:00+00:00,,50.82900619506836,15.837528228759766
2024-12-02 00:00:00+00:00,262.7513427734375,,
2024-12-02 23:00:00+00:00,,50.683624267578125,16.277297973632812
2024-12-03 00:00:00+00:00,264.5006408691406,,
2024-12-03 23:00:00+00:00,,51.33784103393555,16.23448944091797
2024-12-04 00:00:00+00:00,262.0016174316406,,
2024-12-04 23:00:00+00:00,,52.67353439331055,16.50691032409668
2024-12-05 00:00:00+00:00,267.44952392578125,,
2024-12-05 23:00:00+00:00,,53.218711853027344,16.39794158935547
2024-12-06 00:00:00+00:00,264.7005920410156,,
2024-12-08 23:00:00+00:00,,54.57258224487305,16.392105102539062
2024-12-09 00:00:00+00:00,267.44952392578125,,
2024-12-09 23:00:00+00:00,,54.2454719543457,16.392105102539062
2024-12-10 00:00:00+00:00,264.100830078125,,
2024-12-10 23:00:00+00:00,,54.1455192565918,16.54582977294922
2024-12-11 00:00:00+00:00,266.5498962402344,,
2024-12-11 23:00:00+00:00,,53.53673553466797,16.493289947509766
2024-12-12 00:00:00+00:00,270.598388671875,,
2024-12-12 23:00:00+00:00,,53.55490493774414,16.602258682250977
2024-12-13 00:00:00+00:00,269.298828125,,
2024-12-15 23:00:00+00:00,,53.44586944580078,16.68398666381836
2024-12-16 00:00:00+00:00,270.1985168457031,,
2024-12-16 23:00:00+00:00,,52.92795181274414,16.335674285888672
2024-12-17 00:00:00+00:00,264.4506530761719,,
2024-12-17 23:00:00+00:00,,53.273231506347656,16.454374313354492
2024-12-18 00:00:00+00:00,266.9497375488281,,
2024-12-18 23:00:00+00:00,,52.52815628051758,16.13913917541504
2024-12-19 00:00:00+00:00,260.1523132324219,,
2024-12-19 23:00:00+00:00,,52.228302001953125,15.810286521911621
2024-12-20 00:00:00+00:00,260.1523132324219,,
2024-12-22 23:00:00+00:00,,52.19195556640625,15.866717338562012
2024-12-23 00:00:00+00:00,261.5018005371094,,
2024-12-23 23:00:00+00:00,,52.28282165527344,
2024-12-24 00:00:00+00:00,263.4510498046875,,
2024-12-26 23:00:00+00:00,,53.19145584106445,16.08465576171875
2024-12-27 00:00:00+00:00,264.8005676269531,,
2024-12-29 23:00:00+00:00,,53.36409378051758,16.18973159790039
2024-12-30 00:00:00+00:00,264.650634765625,,
2024-12-30 23:00:00+00:00,,53.809326171875,
2024-12-31 00:00:00+00:00,268.0493469238281,,
2025-01-01 23:00:00+00:00,,53.836585998535156,16.353187561035156
2025-01-02 00:00:00+00:00,266.7998046875,,
2025-01-02 23:00:00+00:00,,53.146026611328125,16.50885772705078
2025-01-03 00:00:00+00:00,266.3499755859375,,
2025-01-05 23:00:00+00:00,,54.545318603515625,16.563343048095703
2025-01-06 00:00:00+00:00,272.69757080078125,,
2025-01-06 23:00:00+00:00,,54.88151550292969,16.411563873291016
2025-01-07 00:00:00+00:00,265.6002502441406,,
2025-01-07 23:00:00+00:00,,54.645267486572266,16.36680793762207
2025-01-08 00:00:00+00:00,264.9005126953125,,
2025-01-08 23:00:00+00:00,,54.47262954711914,16.672311782836914
2025-01-09 00:00:00+00:00,265.7502136230469,,
2025-01-09 23:00:00+00:00,,53.92744827270508,16.633394241333008
2025-01-10 00:00:00+00:00,257.953125,,
2025-01-12 23:00:00+00:00,,54.19095230102539,16.56723403930664
2025-01-13 00:00:00+00:00,260.6021423339844,,
2025-01-13 23:00:00+00:00,,55.25405502319336,17.121809005737305
2025-01-14 00:00:00+00:00,263.700927734375,,
2025-01-14 23:00:00+00:00,,56.40802001953125,17.68416976928711
2025-01-15 00:00:00+00:00,280.84454345703125,,
2025-01-15 23:00:00+00:00,,56.52614212036133,17.707521438598633
2025-01-16 00:00:00+00:00,282.5939025878906,,
2025-01-16 23:00:00+00:00,,56.553401947021484,18.014970779418945
2025-01-17 00:00:00+00:00,289.24139404296875,,
2025-01-19 23:00:00+00:00,,57.19853591918945,18.297122955322266
2025-01-20 00:00:00+00:00,291.74041748046875,,
2025-01-20 23:00:00+00:00,,57.34391403198242,18.297122955322266
2025-01-21 00:00:00+00:00,295.83892822265625,,
2025-01-21 23:00:00+00:00,,56.617008209228516,18.262096405029297
2025-01-22 00:00:00+00:00,293.63970947265625,,
2025-01-22 23:00:00+00:00,,57.5892448425293,18.53451919555664
2025-01-23 00:00:00+00:00,298.53790283203125,,
2025-01-23 23:00:00+00:00,,57.7982292175293,18.53451919555664
2025-01-24 00:00:00+00:00,292.9399719238281,,
2025-01-26 23:00:00+00:00,,58.36158752441406,18.443063735961914
2025-01-27 00:00:00+00:00,288.2917175292969,,
2025-01-27 23:00:00+00:00,,58.67960739135742,18.729108810424805
2025-01-28 00:00:00+00:00,289.24139404296875,,
2025-01-28 23:00:00+00:00,,58.761383056640625,18.99569320678711
2025-01-29 00:00:00+00:00,296.18878173828125,,
2025-01-29 23:00:00+00:00,,59.66093444824219,18.384687423706055
2025-01-30 00:00:00+00:00,295.6889343261719,,
2025-01-30 23:00:00+00:00,,59.715450286865234,18.42749786376953
2025-01-31 00:00:00+00:00,296.88848876953125,,
2025-02-02 23:00:00+00:00,,58.443363189697266,17.847623825073242
2025-02-03 00:00:00+00:00,290.4408874511719,,
2025-02-03 23:00:00+00:00,,60.92393493652344,17.726978302001953
2025-02-04 00:00:00+00:00,294.1394958496094,,
2025-02-04 23:00:00+00:00,,60.33332061767578,17.584928512573242
2025-02-05 00:00:00+00:00,295.1891174316406,,
2025-02-05 23:00:00+00:00,,62.02338790893555,18.176477432250977
2025-02-06 00:00:00+00:00,307.3845520019531,,
2025-02-06 23:00:00+00:00,,63.10465621948242,18.088912963867188
2025-02-07 00:00:00+00:00,304.58563232421875,,
2025-02-09 23:00:00+00:00,,63.1410026550293,18.088912963867188
2025-02-10 00:00:00+00:00,302.6363525390625,,
2025-02-10 23:00:00+00:00,,63.7225227355957,18.28350067138672
2025-02-11 00:00:00+00:00,306.3349609375,,
2025-02-11 23:00:00+00:00,,64.4585189819336,18.701866149902344
2025-02-12 00:00:00+00:00,307.63446044921875,,
2025-02-12 23:00:00+00:00,,63.69526290893555,18.643489837646484
2025-02-13 00:00:00+00:00,293.139892578125,,
2025-02-13 23:00:00+00:00,,63.5589714050293,18.725215911865234
2025-02-14 00:00:00+00:00,294.4894104003906,,
2025-02-16 23:00:00+00:00,,63.4499397277832,19.159147262573242
2025-02-17 00:00:00+00:00,304.28570556640625,,
2025-02-17 23:00:00+00:00,,64.59481048583984,19.429624557495117
2025-02-18 00:00:00+00:00,308.0843200683594,,
2025-02-18 23:00:00+00:00,,63.87699890136719,18.958723068237305
2025-02-19 00:00:00+00:00,305.83514404296875,,
2025-02-19 23:00:00+00:00,,64.39491271972656,18.845861434936523
2025-02-20 00:00:00+00:00,298.2879638671875,,
2025-02-20 23:00:00+00:00,,64.62207794189453,19.11050033569336
2025-02-21 00:00:00+00:00,303.6859436035156,,
2025-02-23 23:00:00+00:00,,64.58573150634766,19.186389923095703
2025-02-24 00:00:00+00:00,298.6378173828125,,
2025-02-24 23:00:00+00:00,,65.52162170410156,19.560972213745117
2025-02-25 00:00:00+00:00,296.7385559082031,,
2025-02-25 23:00:00+00:00,,66.07588958740234,20.33445930480957
2025-02-26 00:00:00+00:00,308.83404541015625,,
2025-02-26 23:00:00+00:00,,65.97593688964844,19.945283889770508
2025-02-27 00:00:00+00:00,300.9905700683594,,
2025-02-27 23:00:00+00:00,,66.2031021118164,20.164196014404297
2025-02-28 00:00:00+00:00,311.2385559082031,,
2025-03-02 23:00:00+00:00,,67.25711059570312,20.383108139038086
2025-03-03 00:00:00+00:00,311.0386047363281,,
2025-03-03 23:00:00+00:00,,65.13999938964844,18.834184646606445
2025-03-04 00:00:00+00:00,292.3422546386719,,
2025-03-04 23:00:00+00:00,,67.8386459350586,21.16145896911621
2025-03-05 00:00:00+00:00,303.3901062011719,,
2025-03-05 23:00:00+00:00,,70.11931610107422,21.857112884521484
2025-03-06 00:00:00+00:00,308.339111328125,,
2025-03-06 23:00:00+00:00,,69.57413482666016,21.49712371826172
2025-03-07 00:00:00+00:00,298.6910095214844,,
2025-03-09 23:00:00+00:00,,67.63874053955078,20.699312210083008
2025-03-10 00:00:00+00:00,284.49383544921875,,
2025-03-10 23:00:00+00:00,,66.29396057128906,20.441484451293945
2025-03-11 00:00:00+00:00,283.4940185546875,,
2025-03-11 23:00:00+00:00,,66.95726776123047,20.93768310546875
2025-03-12 00:00:00+00:00,292.0423278808594,,
2025-03-12 23:00:00+00:00,,66.8300552368164,20.733366012573242
2025-03-13 00:00:00+00:00,288.7929992675781,,
2025-03-13 23:00:00+00:00,,68.80179595947266,21.458206176757812
2025-03-14 00:00:00+00:00,294.6918029785156,,
2025-03-16 23:00:00+00:00,,70.79170227050781,21.3463191986084
2025-03-17 00:00:00+00:00,294.79180908203125,,
2025-03-17 23:00:00+00:00,,72.88156127929688,22.256017684936523
2025-03-18 00:00:00+00:00,303.5900573730469,,
2025-03-18 23:00:00+00:00,,73.47217559814453,22.1003475189209
2025-03-19 00:00:00+00:00,304.8398132324219,,
2025-03-19 23:00:00+00:00,,71.82754516601562,21.652793884277344
2025-03-20 00:00:00+00:00,301.9903564453125,,
2025-03-20 23:00:00+00:00,,72.43633270263672,21.6771183013916
2025-03-21 00:00:00+00:00,297.39129638671875,,
2025-03-23 23:00:00+00:00,,72.17282104492188,21.6771183013916
2025-03-24 00:00:00+00:00,303.5400695800781,,
2025-03-24 23:00:00+00:00,,74.12638854980469,22.72303009033203
2025-03-25 00:00:00+00:00,307.9391784667969,,
2025-03-25 23:00:00+00:00,,73.05420684814453,22.479793548583984
2025-03-26 00:00:00+00:00,309.18896484375,,
2025-03-26 23:00:00+00:00,,72.39089965820312,22.226829528808594
2025-03-27 00:00:00+00:00,303.4400939941406,,
2025-03-27 23:00:00+00:00,,71.37322998046875,21.584688186645508
2025-03-28 00:00:00+00:00,293.4420471191406,,
2025-03-30 22:00:00+00:00,,69.88307189941406,21.229564666748047
2025-03-30 23:00:00+00:00,287.7431945800781,,
2025-03-31 22:00:00+00:00,,71.31871032714844,21.647930145263672
2025-03-31 23:00:00+00:00,293.84197998046875,,
2025-04-01 22:00:00+00:00,,70.64632415771484,21.769548416137695
2025-04-01 23:00:00+00:00,296.6914367675781,,
2025-04-02 22:00:00+00:00,,66.96634674072266,20.266353607177734
2025-04-02 23:00:00+00:00,270.84649658203125,,
2025-04-03 22:00:00+00:00,,62.39591979980469,18.28544807434082
2025-04-03 23:00:00+00:00,250.00064086914062,,
2025-04-06 22:00:00+00:00,,60.06072998046875,17.582984924316406
2025-04-06 23:00:00+00:00,241.80226135253906,,
2025-04-07 22:00:00+00:00,,60.14250946044922,18.299068450927734
2025-04-07 23:00:00+00:00,253.99986267089844,,
2025-04-08 22:00:00+00:00,,57.95269775390625,17.46428680419922
2025-04-08 23:00:00+00:00,241.602294921875,,
2025-04-09 22:00:00+00:00,,61.087493896484375,18.71354103088379
2025-04-09 23:00:00+00:00,260.1986389160156,,
2025-04-10 22:00:00+00:00,,59.615501403808594,18.783592224121094
2025-04-10 23:00:00+00:00,257.8990783691406,,
2025-04-13 22:00:00+00:00,,62.241455078125,19.765291213989258
2025-04-13 23:00:00+00:00,270.34661865234375,,
2025-04-14 22:00:00+00:00,,64.13141632080078,20.276084899902344
2025-04-14 23:00:00+00:00,279.1448974609375,,
2025-04-15 22:00:00+00:00,,65.04004669189453,20.251760482788086
2025-04-15 23:00:00+00:00,277.94512939453125,,
2025-04-16 22:00:00+00:00,,64.27679443359375,20.11554718017578
2025-04-16 23:00:00+00:00,277.2452392578125,,
2025-04-21 22:00:00+00:00,,65.0763931274414,20.43661880493164
2025-04-21 23:00:00+00:00,279.9447326660156,,
2025-04-22 22:00:00+00:00,,67.07539367675781,21.356048583984375
2025-04-22 23:00:00+00:00,293.6920166015625,,
2025-04-23 22:00:00+00:00,,65.63066101074219,21.472801208496094
2025-04-23 23:00:00+00:00,289.5428466796875,,
2025-04-24 22:00:00+00:00,,66.15766143798828,21.88143539428711
2025-04-24 23:00:00+00:00,292.79217529296875,,
2025-04-27 22:00:00+00:00,,67.32980346679688,21.8084659576416
2025-04-27 23:00:00+00:00,295.041748046875,,
2025-04-28 22:00:00+00:00,,67.96585083007812,22.907888412475586
2025-04-28 23:00:00+00:00,297.941162109375,,
2025-04-29 22:00:00+00:00,,67.50244140625,22.358177185058594
2025-04-29 23:00:00+00:00,296.7414245605469,,
2025-04-30 23:00:00+00:00,294.7417907714844,,
2025-05-01 22:00:00+00:00,,69.38331604003906,22.86897087097168
2025-05-01 23:00:00+00:00,300.9905700683594,,
2025-05-04 22:00:00+00:00,,69.38331604003906,23.306793212890625
2025-05-05 22:00:00+00:00,,69.05621337890625,23.06355857849121
2025-05-05 23:00:00+00:00,298.0411682128906,,
2025-05-06 22:00:00+00:00,,69.07437896728516,22.941940307617188
2025-05-06 23:00:00+00:00,296.0915222167969,,
2025-05-07 22:00:00+00:00,,69.96484375,23.073287963867188
2025-05-07 23:00:00+00:00,304.98974609375,,
2025-05-08 22:00:00+00:00,,70.41915893554688,23.511112213134766
2025-05-08 23:00:00+00:00,306.93939208984375,,
2025-05-11 22:00:00+00:00,,71.82754516601562,24.012176513671875
2025-05-11 23:00:00+00:00,313.2381286621094,,
2025-05-12 22:00:00+00:00,,71.85480499267578,24.060823440551758
2025-05-12 23:00:00+00:00,316.7874755859375,,
2025-05-13 22:00:00+00:00,,72.61804962158203,24.060823440551758
2025-05-13 23:00:00+00:00,320.23675537109375,,
2025-05-14 22:00:00+00:00,,72.32728576660156,24.4937801361084
2025-05-14 23:00:00+00:00,322.2363586425781,,
2025-05-15 22:00:00+00:00,,72.136474609375,24.270004272460938
2025-05-15 23:00:00+00:00,325.43572998046875,,
2025-05-18 22:00:00+00:00,,74.6022720336914,24.591075897216797
2025-05-18 23:00:00+00:00,325.6357116699219,,
2025-05-19 22:00:00+00:00,,75.07608795166016,24.53756332397461
2025-05-19 23:00:00+00:00,329.5349426269531,,
2025-05-20 22:00:00+00:00,,75.3661880493164,24.809988021850586
2025-05-20 23:00:00+00:00,327.9352722167969,,
2025-05-21 22:00:00+00:00,,74.94071197509766,24.44999885559082
2025-05-21 23:00:00+00:00,326.58551025390625,,
2025-05-22 22:00:00+00:00,,73.33552551269531,24.084999084472656
2025-05-22 23:00:00+00:00,323.2361755371094,,
2025-05-25 22:00:00+00:00,,74.66996002197266,24.540000915527344
2025-05-26 22:00:00+00:00,,74.86334991455078,24.799999237060547
2025-05-26 23:00:00+00:00,328.03521728515625,,
2025-05-27 22:00:00+00:00,,74.05109405517578,24.309999465942383
2025-05-27 23:00:00+00:00,323.88604736328125,,
2025-05-28 22:00:00+00:00,,74.29283905029297,24.40999984741211
2025-05-28 23:00:00+00:00,325.9856262207031,,
2025-05-29 22:00:00+00:00,,74.59259796142578,24.360000610351562
2025-05-29 23:00:00+00:00,327.43536376953125,,
2025-06-01 22:00:00+00:00,,74.17680358886719,24.19499969482422
2025-06-01 23:00:00+00:00,326.98541259765625,,
2025-06-02 22:00:00+00:00,,74.66996002197266,24.44499969482422
2025-06-02 23:00:00+00:00,329.18499755859375,,
2025-06-03 22:00:00+00:00,,74.10911560058594,24.040000915527344
2025-06-03 23:00:00+00:00,325.88568115234375,,
2025-06-04 22:00:00+00:00,,74.94071197509766,24.524999618530273
2025-06-04 23:00:00+00:00,326.98541259765625,,
2025-06-05 22:00:00+00:00,,75.55957794189453,24.700000762939453
2025-06-05 23:00:00+00:00,333.1342468261719,,
2025-06-08 22:00:00+00:00,,75.89801788330078,24.700000762939453
2025-06-08 23:00:00+00:00,332.3843994140625,,
2025-06-09 22:00:00+00:00,,73.77066802978516,24.399999618530273
2025-06-09 23:00:00+00:00,323.2861633300781,,
2025-06-10 22:00:00+00:00,,73.7029800415039,24.700000762939453
2025-06-10 23:00:00+00:00,322.9362487792969,,
2025-06-11 22:00:00+00:00,,73.95439910888672,24.395000457763672
2025-06-11 23:00:00+00:00,323.88604736328125,,
2025-06-12 22:00:00+00:00,,72.79402160644531,23.8799991607666
2025-06-12 23:00:00+00:00,319.2369689941406,,
2025-06-15 22:00:00+00:00,,74.94071197509766,24.450000762939453
2025-06-15 23:00:00+00:00,325.5357360839844,,
2025-06-16 22:00:00+00:00,,73.46124267578125,23.934999465942383
2025-06-16 23:00:00+00:00,321.68646240234375,,
2025-06-17 22:00:00+00:00,,74.04142761230469,24.114999771118164
2025-06-17 23:00:00+00:00,325.0858154296875,,
2025-06-18 22:00:00+00:00,,72.17515563964844,23.799999237060547
2025-06-18 23:00:00+00:00,319.6868896484375,,
2025-06-19 22:00:00+00:00,,71.84638977050781,23.9950008392334
2025-06-19 23:00:00+00:00,323.93603515625,,
2025-06-22 22:00:00+00:00,,70.66667938232422,23.864999771118164
2025-06-22 23:00:00+00:00,318.58709716796875,,
2025-06-23 22:00:00+00:00,,72.89071655273438,25.139999389648438
2025-06-23 23:00:00+00:00,333.4341735839844,,
2025-06-24 22:00:00+00:00,,72.72633361816406,25.190000534057617
2025-06-24 23:00:00+00:00,331.78448486328125,,
2025-06-25 22:00:00+00:00,,72.78434753417969,25.540000915527344
2025-06-25 23:00:00+00:00,331.1346435546875,,
2025-06-26 22:00:00+00:00,,74.36052703857422,26.0
2025-06-26 23:00:00+00:00,338.483154296875,,
2025-06-29 22:00:00+00:00,,73.7996826171875,25.170000076293945
2025-06-29 23:00:00+00:00,337.2334289550781,,
2025-06-30 22:00:00+00:00,,72.71665954589844,24.260000228881836
2025-06-30 23:00:00+00:00,329.6349182128906,,
2025-07-01 22:00:00+00:00,,74.09944152832031,24.6299991607666
2025-07-01 23:00:00+00:00,325.6856994628906,,
2025-07-02 22:00:00+00:00,,74.05109405517578,24.864999771118164
2025-07-02 23:00:00+00:00,332.2843933105469,,
2025-07-03 22:00:00+00:00,,72.40723419189453,24.479999542236328
2025-07-03 23:00:00+00:00,330.43475341796875,,
2025-07-06 22:00:00+00:00,,73.4322280883789,24.829999923706055
2025-07-06 23:00:00+00:00,334.2340087890625,,
2025-07-07 22:00:00+00:00,,73.88671112060547,24.985000610351562
2025-07-07 23:00:00+00:00,334.5839538574219,,
2025-07-08 22:00:00+00:00,,76.26547241210938,25.829999923706055
2025-07-08 23:00:00+00:00,339.58294677734375,,
2025-07-09 22:00:00+00:00,,75.33717346191406,25.725000381469727
2025-07-09 23:00:00+00:00,343.5821533203125,,
2025-07-10 22:00:00+00:00,,74.0704345703125,25.385000228881836
2025-07-10 23:00:00+00:00,339.932861328125,,
2025-07-13 22:00:00+00:00,,74.14778900146484,25.5049991607666
2025-07-13 23:00:00+00:00,343.93206787109375,,
2025-07-14 22:00:00+00:00,,73.71265411376953,25.3700008392334
2025-07-14 23:00:00+00:00,343.2822265625,,
2025-07-15 22:00:00+00:00,,73.5676040649414,25.3700008392334
2025-07-15 23:00:00+00:00,342.5323791503906,,
2025-07-16 22:00:00+00:00,,74.6022720336914,25.954999923706055
2025-07-16 23:00:00+00:00,351.13067626953125,,
2025-07-17 22:00:00+00:00,,75.26947784423828,25.854999542236328
2025-07-17 23:00:00+00:00,349.5809631347656,,
2025-07-20 22:00:00+00:00,,75.17278289794922,26.135000228881836
2025-07-20 23:00:00+00:00,352.7303466796875,,
2025-07-21 22:00:00+00:00,,74.53458404541016,25.899999618530273
2025-07-21 23:00:00+00:00,348.68115234375,,
2025-07-22 22:00:00+00:00,,75.88835144042969,26.40999984741211
2025-07-22 23:00:00+00:00,351.7805480957031,,
2025-07-23 22:00:00+00:00,,76.1881103515625,28.81999969482422
2025-07-23 23:00:00+00:00,358.3292541503906,,
2025-07-24 22:00:00+00:00,,76.26547241210938,28.360000610351562
2025-07-24 23:00:00+00:00,360.4288330078125,,
2025-07-27 22:00:00+00:00,,74.82467651367188,28.059999465942383
2025-07-27 23:00:00+00:00,361.1286926269531,,
2025-07-28 22:00:00+00:00,,75.88835144042969,28.575000762939453
2025-07-28 23:00:00+00:00,371.1267395019531,,
2025-07-29 22:00:00+00:00,,76.45886993408203,29.100000381469727
2025-07-29 23:00:00+00:00,374.92596435546875,,
2025-07-30 22:00:00+00:00,,77.41616821289062,28.985000610351562
2025-07-30 23:00:00+00:00,371.2266845703125,,
2025-07-31 22:00:00+00:00,,74.00274658203125,28.094999313354492
2025-07-31 23:00:00+00:00,356.57958984375,,
2025-08-03 22:00:00+00:00,,75.9076919555664,29.030000686645508
2025-08-03 23:00:00+00:00,362.37847900390625,,
2025-08-04 22:00:00+00:00,,75.7916488647461,29.020000457763672
2025-08-04 23:00:00+00:00,360.7787780761719,,
2025-08-05 22:00:00+00:00,,76.6812744140625,29.780000686645508
2025-08-05 23:00:00+00:00,364.82794189453125,,
2025-08-06 22:00:00+00:00,,76.87466430664062,29.780000686645508
2025-08-06 23:00:00+00:00,361.9582824707031,,
2025-08-07 22:00:00+00:00,,78.80862426757812,31.049999237060547
2025-08-07 23:00:00+00:00,367.9076232910156,,
2025-08-10 22:00:00+00:00,,78.85697174072266,31.149999618530273
2025-08-10 23:00:00+00:00,370.9572448730469,,
2025-08-11 22:00:00+00:00,,79.05036163330078,30.9950008392334
2025-08-11 23:00:00+00:00,373.9569091796875,,
2025-08-12 22:00:00+00:00,,80.2010726928711,30.915000915527344
2025-08-12 23:00:00+00:00,373.45697021484375,,
2025-08-13 22:00:00+00:00,,81.16804504394531,30.915000915527344
2025-08-13 23:00:00+00:00,374.8568115234375,,
2025-08-14 22:00:00+00:00,,80.93596649169922,31.2450008392334
2025-08-14 23:00:00+00:00,371.10723876953125,,
2025-08-17 22:00:00+00:00,,79.5725326538086,31.415000915527344
2025-08-17 23:00:00+00:00,371.1572570800781,,
2025-08-18 22:00:00+00:00,,80.12371063232422,31.530000686645508
2025-08-18 23:00:00+00:00,372.05712890625,,
2025-08-19 22:00:00+00:00,,80.55884552001953,31.274999618530273
2025-08-19 23:00:00+00:00,372.6570739746094,,
2025-08-20 22:00:00+00:00,,79.98833465576172,31.559999465942383
2025-08-20 23:00:00+00:00,373.90692138671875,,
2025-08-21 22:00:00+00:00,,80.62653350830078,31.700000762939453
2025-08-21 23:00:00+00:00,376.4066467285156,,
2025-08-24 22:00:00+00:00,,77.77395629882812,31.809999465942383
2025-08-25 22:00:00+00:00,,74.4862289428711,31.405000686645508
2025-08-25 23:00:00+00:00,373.7569274902344,,
2025-08-26 22:00:00+00:00,,74.00274658203125,30.350000381469727
2025-08-26 23:00:00+00:00,371.3572082519531,,
2025-08-27 22:00:00+00:00,,74.36052703857422,30.225000381469727
2025-08-27 23:00:00+00:00,368.6075134277344,,
2025-08-28 22:00:00+00:00,,74.29283905029297,30.030000686645508
2025-08-28 23:00:00+00:00,360.35845947265625,,
2025-08-31 22:00:00+00:00,,74.50557708740234,30.209999084472656
2025-08-31 23:00:00+00:00,367.2576599121094,,
2025-09-01 22:00:00+00:00,,73.4322280883789,29.69499969482422
2025-09-01 23:00:00+00:00,359.6585693359375,,
2025-09-02 22:00:00+00:00,,73.6739730834961,29.799999237060547
2025-09-02 23:00:00+00:00,362.208251953125,,
2025-09-03 22:00:00+00:00,,74.99872589111328,30.260000228881836
2025-09-03 23:00:00+00:00,370.20733642578125,,
2025-09-04 22:00:00+00:00,,73.99307250976562,29.8700008392334
2025-09-04 23:00:00+00:00,361.0083923339844,,
2025-09-07 22:00:00+00:00,,74.16712951660156,30.030000686645508
2025-09-07 23:00:00+00:00,366.50775146484375,,
2025-09-08 22:00:00+00:00,,75.29850006103516,30.53499984741211
2025-09-08 23:00:00+00:00,373.5069580078125,,
2025-09-09 22:00:00+00:00,,75.57891845703125,30.80500030517578
2025-09-09 23:00:00+00:00,375.00677490234375,,
2025-09-10 22:00:00+00:00,,76.78764343261719,31.440000534057617
2025-09-10 23:00:00+00:00,379.5062561035156,,
2025-09-11 22:00:00+00:00,,76.6812744140625,31.55500030517578
2025-09-11 23:00:00+00:00,380.05621337890625,,
2025-09-14 22:00:00+00:00,,77.67726135253906,31.915000915527344
2025-09-14 23:00:00+00:00,384.6056823730469,,
2025-09-15 22:00:00+00:00,,76.5555648803711,30.815000534057617
2025-09-15 23:00:00+00:00,374.80682373046875,,
2025-09-16 22:00:00+00:00,,75.10509490966797,30.735000610351562
2025-09-16 23:00:00+00:00,378.35638427734375,,
2025-09-17 22:00:00+00:00,,75.80132293701172,30.450000762939453
2025-09-17 23:00:00+00:00,384.50567626953125,,
2025-09-18 22:00:00+00:00,,76.97135925292969,30.920000076293945
2025-09-18 23:00:00+00:00,381.60601806640625,,
2025-09-21 22:00:00+00:00,,76.08174896240234,30.920000076293945
2025-09-21 23:00:00+00:00,383.30584716796875,,
2025-09-22 22:00:00+00:00,,76.32349395751953,30.915000915527344
2025-09-22 23:00:00+00:00,389.255126953125,,
2025-09-23 22:00:00+00:00,,75.6369400024414,30.735000610351562
2025-09-23 23:00:00+00:00,385.005615234375,,
2025-09-24 22:00:00+00:00,,75.84000396728516,30.155000686645508
2025-09-24 23:00:00+00:00,376.306640625,,
2025-09-25 22:00:00+00:00,,77.54000091552734,30.549999237060547
2025-09-25 23:00:00+00:00,382.5559387207031,,
2025-09-28 22:00:00+00:00,,77.44999694824219,30.030000686645508
2025-09-28 23:00:00+00:00,380.756103515625,,
2025-09-29 22:00:00+00:00,,77.33000183105469,30.030000686645508
2025-09-29 23:00:00+00:00,379.5562744140625,,
2025-09-30 22:00:00+00:00,,78.33999633789062,30.094999313354492
2025-09-30 23:00:00+00:00,380.1562194824219,,
2025-10-01 22:00:00+00:00,,77.52999877929688,30.045000076293945
2025-10-01 23:00:00+00:00,380.25616455078125,,
2025-10-02 22:00:00+00:00,,78.0,30.274999618530273
2025-10-02 23:00:00+00:00,385.30560302734375,,
2025-10-05 22:00:00+00:00,,75.5,29.864999771118164
2025-10-05 23:00:00+00:00,381.05609130859375,,
2025-10-06 22:00:00+00:00,,74.62999725341797,29.834999084472656
2025-10-06 23:00:00+00:00,378.70635986328125,,
2025-10-07 22:00:00+00:00,,75.19999694824219,30.489999771118164
2025-10-07 23:00:00+00:00,382.7558898925781,,
2025-10-08 22:00:00+00:00,,75.54000091552734,30.424999237060547
2025-10-08 23:00:00+00:00,374.5068359375,,
2025-10-09 22:00:00+00:00,,75.5,30.079999923706055
2025-10-09 23:00:00+00:00,372.45709228515625,,
2025-10-12 22:00:00+00:00,,75.44000244140625,30.5
2025-10-12 23:00:00+00:00,374.6568298339844,,
2025-10-13 22:00:00+00:00,,75.75,30.434999465942383
2025-10-13 23:00:00+00:00,380.95611572265625,,
2025-10-14 22:00:00+00:00,,76.83000183105469,30.079999923706055
2025-10-14 23:00:00+00:00,379.206298828125,,
2025-10-15 22:00:00+00:00,,77.9800033569336,30.5
2025-10-15 23:00:00+00:00,379.206298828125,,
2025-10-16 22:00:00+00:00,,74.88999938964844,28.649999618530273
2025-10-16 23:00:00+00:00,357.7587585449219,,
2025-10-19 22:00:00+00:00,,69.0999984741211,29.020000457763672
2025-10-19 23:00:00+00:00,361.75830078125,,
2025-10-20 22:00:00+00:00,,67.93000030517578,28.709999084472656
2025-10-20 23:00:00+00:00,364.2080383300781,,
2025-10-21 22:00:00+00:00,,68.37000274658203,28.575000762939453
2025-10-21 23:00:00+00:00,381.95599365234375,,
2025-10-22 22:00:00+00:00,,68.72000122070312,28.774999618530273
2025-10-22 23:00:00+00:00,386.65545654296875,,
2025-10-23 22:00:00+00:00,,68.4800033569336,29.0
2025-10-23 23:00:00+00:00,388.2552490234375,,
2025-10-26 23:00:00+00:00,,69.19000244140625,29.149999618530273
2025-10-27 23:00:00+00:00,,66.73999786376953,29.604999542236328
2025-10-28 00:00:00+00:00,404.4034118652344,,
2025-10-28 23:00:00+00:00,,66.94000244140625,31.06999969482422
2025-10-29 00:00:00+00:00,405.0033264160156,,
2025-10-29 23:00:00+00:00,,66.47000122070312,31.135000228881836
2025-10-30 00:00:00+00:00,405.8032531738281,,
2025-10-30 23:00:00+00:00,,67.05999755859375,30.93000030517578
2025-10-31 00:00:00+00:00,406.9530944824219,,
2025-11-02 23:00:00+00:00,,66.0,31.40999984741211
2025-11-03 00:00:00+00:00,406.55316162109375,,
2025-11-03 23:00:00+00:00,,66.0,31.540000915527344
2025-11-04 00:00:00+00:00,406.253173828125,,
2025-11-04 23:00:00+00:00,,65.9800033569336,31.540000915527344
2025-11-05 00:00:00+00:00,405.7032470703125,,
2025-11-05 23:00:00+00:00,,65.33999633789062,31.31999969482422
2025-11-06 00:00:00+00:00,409.7527770996094,,
2025-11-06 23:00:00+00:00,,65.48999786376953,31.31999969482422
2025-11-07 00:00:00+00:00,404.65338134765625,,
2025-11-09 23:00:00+00:00,,67.0,31.31999969482422
2025-11-10 00:00:00+00:00,417.2019348144531,,
2025-11-10 23:00:00+00:00,,67.55000305175781,32.5
2025-11-11 00:00:00+00:00,422.8013000488281,,
2025-11-11 23:00:00+00:00,,69.29000091552734,33.349998474121094
2025-11-12 00:00:00+00:00,429.00054931640625,,
2025-11-12 23:00:00+00:00,,69.58999633789062,33.349998474121094
2025-11-13 00:00:00+00:00,427.2007751464844,,
2025-11-13 23:00:00+00:00,,68.83000183105469,31.8700008392334
2025-11-14 00:00:00+00:00,413.4523620605469,,
2025-11-16 23:00:00+00:00,,68.30000305175781,30.815000534057617
2025-11-17 00:00:00+00:00,410.7526550292969,,
2025-11-17 23:00:00+00:00,,66.69000244140625,29.4950008392334
2025-11-18 00:00:00+00:00,399.7539367675781,,
2025-11-18 23:00:00+00:00,,67.06999969482422,29.875
2025-11-19 00:00:00+00:00,399.553955078125,,
2025-11-19 23:00:00+00:00,,70.0199966430664,29.829999923706055
2025-11-20 00:00:00+00:00,397.70416259765625,,
2025-11-20 23:00:00+00:00,,70.47000122070312,29.385000228881836
2025-11-21 00:00:00+00:00,392.1548156738281,,
2025-11-23 23:00:00+00:00,,70.41999816894531,29.530000686645508
2025-11-24 00:00:00+00:00,400.5538635253906,,
2025-11-24 23:00:00+00:00,,71.7699966430664,29.8799991607666
2025-11-25 00:00:00+00:00,409.9527587890625,,
2025-11-25 23:00:00+00:00,,72.33999633789062,30.6299991607666
2025-11-26 00:00:00+00:00,422.9012756347656,,
2025-11-26 23:00:00+00:00,,73.38999938964844,30.545000076293945
2025-11-27 00:00:00+00:00,429.9004821777344,,
2025-11-27 23:00:00+00:00,,73.69000244140625,30.610000610351562
2025-11-28 00:00:00+00:00,430.200439453125,,
2025-11-30 23:00:00+00:00,,73.44000244140625,30.489999771118164
2025-12-01 00:00:00+00:00,429.5505065917969,,
2025-12-01 23:00:00+00:00,,75.08000183105469,31.125
2025-12-02 00:00:00+00:00,436.3497009277344,,
2025-12-02 23:00:00+00:00,,74.25,30.604999542236328
2025-12-03 00:00:00+00:00,433.3000793457031,,
2025-12-03 23:00:00+00:00,,75.69000244140625,30.985000610351562
2025-12-04 00:00:00+00:00,439.1494140625,,
2025-12-04 23:00:00+00:00,,75.38999938964844,31.114999771118164
2025-12-05 00:00:00+00:00,434.3499450683594,,
2025-12-07 23:00:00+00:00,,76.41999816894531,31.53499984741211
2025-12-08 00:00:00+00:00,436.94964599609375,,
2025-12-08 23:00:00+00:00,,77.54000091552734,32.130001068115234
2025-12-09 00:00:00+00:00,439.9493103027344,,
2025-12-09 23:00:00+00:00,,77.01000213623047,32.005001068115234
2025-12-10 00:00:00+00:00,442.19903564453125,,
2025-12-10 23:00:00+00:00,,78.66999816894531,32.61000061035156
2025-12-11 00:00:00+00:00,446.8485107421875,,
2025-12-11 23:00:00+00:00,,78.08999633789062,31.59000015258789
2025-12-12 00:00:00+00:00,444.2987976074219,,
2025-12-14 23:00:00+00:00,,79.08000183105469,32.095001220703125
2025-12-15 00:00:00+00:00,454.1976623535156,,
2025-12-15 23:00:00+00:00,,78.86000061035156,31.809999465942383
2025-12-16 00:00:00+00:00,450.3981018066406,,
2025-12-16 23:00:00+00:00,,80.08000183105469,31.809999465942383
2025-12-17 00:00:00+00:00,458.0971984863281,,
2025-12-17 23:00:00+00:00,,80.23999786376953,31.809999465942383
2025-12-18 00:00:00+00:00,463.2466125488281,,
2025-12-18 23:00:00+00:00,,80.5999984741211,32.96500015258789
2025-12-19 00:00:00+00:00,468.89599609375,,
2025-12-21 23:00:00+00:00,,80.25,32.95500183105469
2025-12-22 00:00:00+00:00,467.8960876464844,,
2025-12-22 23:00:00+00:00,,80.61000061035156,33.29999923706055
2025-12-23 00:00:00+00:00,471.5456848144531,,
2025-12-23 23:00:00+00:00,,80.5199966430664,
2025-12-24 00:00:00+00:00,469.6958923339844,,
2025-12-28 23:00:00+00:00,,80.22000122070312,32.75
2025-12-29 00:00:00+00:00,469.1959228515625,,
2025-12-29 23:00:00+00:00,,81.0999984741211,33.11000061035156
2025-12-30 00:00:00+00:00,476.74505615234375,,
2025-12-30 23:00:00+00:00,,80.79000091552734,
2025-12-31 00:00:00+00:00,475.8951721191406,,
2026-01-01 23:00:00+00:00,,81.91999816894531,33.560001373291016
2026-01-02 00:00:00+00:00,479.44476318359375,,
2026-01-04 23:00:00+00:00,,81.87000274658203,33.810001373291016
2026-01-05 00:00:00+00:00,486.59393310546875,,
2026-01-05 23:00:00+00:00,,80.56999969482422,33.40999984741211
2026-01-06 00:00:00+00:00,488.3437194824219,,
2026-01-06 23:00:00+00:00,,79.69999694824219,33.005001068115234
2026-01-07 00:00:00+00:00,479.4947509765625,,
2026-01-07 23:00:00+00:00,,82.5,33.220001220703125
2026-01-08 00:00:00+00:00,484.6441650390625,,
2026-01-08 23:00:00+00:00,,87.19999694824219,33.05500030517578
2026-01-09 00:00:00+00:00,484.8441162109375,,
2026-01-11 23:00:00+00:00,,86.9800033569336,33.75
2026-01-12 00:00:00+00:00,472.9954833984375,,
2026-01-12 23:00:00+00:00,,86.9000015258789,33.689998626708984
2026-01-13 00:00:00+00:00,477.2950134277344,,
2026-01-13 23:00:00+00:00,,87.0,33.650001525878906
2026-01-14 00:00:00+00:00,479.7447204589844,,
2026-01-14 23:00:00+00:00,,87.37999725341797,33.71500015258789
2026-01-15 00:00:00+00:00,484.24420166015625,,
2026-01-15 23:00:00+00:00,,87.20999908447266,33.54999923706055
2026-01-16 00:00:00+00:00,488.8936767578125,,
2026-01-18 23:00:00+00:00,,86.8499984741211,32.70000076293945
2026-01-19 00:00:00+00:00,482.9443359375,,
2026-01-19 23:00:00+00:00,,86.41999816894531,32.404998779296875
2026-01-20 00:00:00+00:00,479.54473876953125,,
2026-01-20 23:00:00+00:00,,85.76000213623047,32.11000061035156
2026-01-21 00:00:00+00:00,475.5451965332031,,
2026-01-21 23:00:00+00:00,,88.3499984741211,33.400001525878906
2026-01-22 00:00:00+00:00,485.3940734863281,,
2026-01-22 23:00:00+00:00,,88.13999938964844,32.8849983215332
2026-01-23 00:00:00+00:00,480.2446594238281,,
2026-01-25 23:00:00+00:00,,88.54000091552734,33.154998779296875
2026-01-26 00:00:00+00:00,480.6946105957031,,
2026-01-26 23:00:00+00:00,,90.1500015258789,33.529998779296875
2026-01-27 00:00:00+00:00,489.7435607910156,,
2026-01-27 23:00:00+00:00,,90.38999938964844,32.8650016784668
2026-01-28 00:00:00+00:00,479.7447204589844,,
2026-01-28 23:00:00+00:00,,90.04000091552734,32.45500183105469
2026-01-29 00:00:00+00:00,479.54473876953125,,
2026-01-29 23:00:00+00:00,,91.19999694824219,33.29999923706055
2026-01-30 00:00:00+00:00,486.14398193359375,,
2026-02-01 23:00:00+00:00,,92.37999725341797,33.435001373291016
2026-02-02 00:00:00+00:00,499.492431640625,,
2026-02-02 23:00:00+00:00,,91.91999816894531,33.779998779296875
2026-02-03 00:00:00+00:00,501.5422058105469,,
2026-02-03 23:00:00+00:00,,90.93000030517578,31.959999084472656
2026-02-04 00:00:00+00:00,483.1943359375,,
2026-02-04 23:00:00+00:00,,91.9800033569336,30.700000762939453
2026-02-05 00:00:00+00:00,466.3962707519531,,
2026-02-05 23:00:00+00:00,,93.18000030517578,31.25
2026-02-06 00:00:00+00:00,479.0447998046875,,
2026-02-08 23:00:00+00:00,,94.38999938964844,31.764999389648438
2026-02-09 00:00:00+00:00,486.4939270019531,,
2026-02-09 23:00:00+00:00,,93.02999877929688,31.53499984741211
2026-02-10 00:00:00+00:00,474.3453369140625,,
2026-02-10 23:00:00+00:00,,92.69999694824219,31.290000915527344
2026-02-11 00:00:00+00:00,477.4449768066406,,
2026-02-11 23:00:00+00:00,,91.58999633789062,30.825000762939453
2026-02-12 00:00:00+00:00,463.5466003417969,,
2026-02-12 23:00:00+00:00,,89.4000015258789,29.600000381469727
2026-02-13 00:00:00+00:00,453.94769287109375,,
2026-02-15 23:00:00+00:00,,90.83999633789062,29.774999618530273
2026-02-16 00:00:00+00:00,460.9968566894531,,
2026-02-16 23:00:00+00:00,,92.37000274658203,30.315000534057617
2026-02-17 00:00:00+00:00,473.8954162597656,,
2026-02-17 23:00:00+00:00,,94.25,31.0
2026-02-18 00:00:00+00:00,485.9939880371094,,
2026-02-18 23:00:00+00:00,,93.83999633789062,30.40999984741211
2026-02-19 00:00:00+00:00,467.95001220703125,,
2026-02-19 23:00:00+00:00,,94.7300033569336,31.049999237060547
2026-02-20 00:00:00+00:00,473.79998779296875,,
2026-02-22 23:00:00+00:00,,95.8499984741211,30.674999237060547
2026-02-23 00:00:00+00:00,463.0,,
2026-02-23 23:00:00+00:00,,94.4800033569336,30.139999389648438
2026-02-24 00:00:00+00:00,459.95001220703125,,
2026-02-24 23:00:00+00:00,,96.37000274658203,30.600000381469727
2026-02-25 00:00:00+00:00,470.3500061035156,,
2026-02-25 23:00:00+00:00,,96.30000305175781,31.040000915527344
2026-02-26 00:00:00+00:00,472.6499938964844,,
2026-02-26 23:00:00+00:00,,95.5,30.295000076293945
2026-02-27 00:00:00+00:00,452.8500061035156,,
2026-03-01 23:00:00+00:00,,92.08000183105469,29.25
2026-03-02 00:00:00+00:00,437.3500061035156,,
2026-03-02 23:00:00+00:00,,88.30999755859375,27.989999771118164
2026-03-03 00:00:00+00:00,422.54998779296875,,
2026-03-03 23:00:00+00:00,,89.31999969482422,28.610000610351562
2026-03-04 00:00:00+00:00,430.6000061035156,,
2026-03-04 23:00:00+00:00,,87.02999877929688,27.915000915527344
2026-03-05 00:00:00+00:00,417.0,,
2026-03-05 23:00:00+00:00,,86.3499984741211,26.924999237060547
2026-03-06 00:00:00+00:00,404.1499938964844,,
2026-03-08 23:00:00+00:00,,85.33000183105469,26.549999237060547
2026-03-09 00:00:00+00:00,397.3999938964844,,
2026-03-09 23:00:00+00:00,,88.37000274658203,27.459999084472656
2026-03-10 00:00:00+00:00,417.79998779296875,,
2026-03-10 23:00:00+00:00,,89.44000244140625,27.135000228881836
2026-03-11 00:00:00+00:00,410.25,,
2026-03-11 23:00:00+00:00,,85.80000305175781,25.704999923706055
2026-03-12 00:00:00+00:00,389.3500061035156,,
2026-03-12 23:00:00+00:00,,84.88999938964844,25.489999771118164
2026-03-13 00:00:00+00:00,386.25,,
2026-03-15 23:00:00+00:00,,84.87999725341797,25.899999618530273
2026-03-16 00:00:00+00:00,388.1499938964844,,
2026-03-16 23:00:00+00:00,,85.87999725341797,25.864999771118164
2026-03-17 00:00:00+00:00,393.75,,
2026-03-17 23:00:00+00:00,,87.30000305175781,25.78499984741211
2026-03-18 00:00:00+00:00,399.04998779296875,,
2026-03-18 23:00:00+00:00,,84.48999786376953,25.149999618530273
2026-03-19 00:00:00+00:00,381.6000061035156,,
2026-03-19 23:00:00+00:00,,82.12999725341797,24.760000228881836
2026-03-20 00:00:00+00:00,373.8999938964844,,
